's Gravenbrakel	Gravenbrakel
's Gravenvoeren	Gravenvoeren	Gravenmoer	gravenkroon	stervensuren	grievender
's Gravenwezel	Gravenwezel
's Herenelderen	Herenelderen	herenleed	schrandere	scheerzolder	berenleider	shredder	boerenleider	schrander	cheerleader	straaldieren	shetlander	Stortelder	sirihbladeren	hieronder	stralendere
Aa en Hunze	Aanhing	Aanhang	Aaneenzet	Hunze	Aanhingen	Aanhinken	Aanleunde	Enkhuizen	Venhuizen	Aanhangen	Aanhanger	Aanhinkt	Aanhikte	Aanhuppel	Aankunnen	Aansnee	Aankunt	Aanpunt	Einze	Aanhangt	Aanhouden	Aanholde	Aanrende	Aanwende	Henze
Abel Tasman	Beltman	Batsman	Beleidsman	Altman	Elsman	Bultsma	Bluesman	Bootsman	Bulterman	Baltsen	Batsmen	Olsman
Aboe Simbel	Abominabel	Bombel	Ensemble	Oersimpele	Abominabele	Aimabel	Boombal	Abseil	Assemblee	Bemeubel	Isobel	Aimabele	Bamibal	Isabel	Ismael	Assembler
Abraham Kuyper	
Abraham Lincoln	
Abu Dhabi	Dhabi	Abida	Abdi	Abdullahi	Abchazië	Adhin	Abds	Badhuis	Abd	Abeba	Abraham	Ubeda	Abdullah	Abed	Abdul
Addis Abeba	Abeba	Addis	Isabella	Audiokabel	Isabel	Aidsgala	Adorabel	Adorabele	Elisabet	Adderbeet	Isabelle	Audioset	Isobel
Addis Abebaër	Adsorbeert	Aidsremmer	IJsbeer	Ijsbeer	Eisbaar	Isobaar	Isobare	IJsbeker	Ijsbeker	Opeisbaar	Opeisbare	IJsbar	Ijsbar	Oduber	Adresbureau	Auditbureau	Oudsher
Addis Abebiet	Adderbeet	Aidsbeleid	Adsorbeert	Adorabele	Elisabet	Isabelle	Addis	Audioset	Isabel	Asbelt	Asbest	Aidstest	Isabella
Addis Abebitisch	Adiabatisch	Adiabatische
Adolf Hitler	Edelachtbare	Elftal	Edelachtbaar	Edelstaal	Edelmetaal
Adriatische Zee	Adriatische	Adiabatische	Erratische	Adenitisch	Idiomatische	Adiabatisch	Erotische	Erratisch
Afrikaans Schild	
Agatha Christie	Ontschorste	Ontschorst
Agnus Dei	Agnus	Geneusde	Agenesie	Gonsde	Agnes	Inside	Agnost	Geneusd	Agens	Ogende
Albanese Alpen	Albanese	Albanees	Aanslepen	Onbeslapen	Aansluipen	Albans	Albinees	Inslapen
Albert Einstein	Elbertsen	Abolitionisten	Opportunisten
Albert Schweitzer	
Aletta Jacobs	Altaj	Althobo	Eltjo	Aaltjens	Altijd	Aaltjes	Eliteclubs	Elletjes
Alexander de Grote	
Alfred Nobel	
Alphen aan den Rijn	
Ambt Montfort	Ambetanter
Amerikaanse Maagdeneilanden	
Amu Darja	Amara	Darja	Marja	Omdraai	Omdraag	Marija	Mirja	AMAR	Amar	Arja	Madura	Amerij	Madera	Ammar	Marjo
Anatolisch Hoogland	
Andamanse Zee	Andamanse	Andamanen	Anamnese	Anamneses	Indiaanse	Andermans
Andorra la Vella	Anderhalve	Andermaal	Ondergevel	Andersvalide	Aandraven	Ondergevels	Onderlagen	Onderlaken	Onderlaag	Aandreven	Aandurven
Anna Paulowna	Aanpalend	Aanploegen	Inpalmen	Aanplakken	Banpalen	Aanpalende	Aanpakken	Aanpappen	Naplozen	Aanpakten	Napoleon	Nauplion	Aanhalen	Anabolen	Annelien	Ampullen	Annuleren	Baanplan	Apolonia	Aanspelen	Aanpassen	Aantallen	Aanvallen	Aanvullen	Aanzeulen	Afpalen	Analogon	Aankalken	Aanpasten	Aanvulden	Napluizen	Aanlappen	Aanlopen	Aanplant	Aanhaalden	Anneleen	Apollonia	Aanpoten	Aanspoelen	Angelina	Afpulken	Aanplak	Inplooien	Aanbouwen	Eindpalen	Aanspeelden	Aanspoelden	Afpaalden	Anapesten	Inhaalden	Aanduwen	Inpluggen	Opalen	Aanleun	Appelwang
Anne Frank	On-Frans	On-Franse	Alfrink	Elfrink	Enderink	Enserink	Enzerink	Lenferink	Elferink	Indrink	Indronk	Inferno
Annie M.G. Schmidt	Aangeschuind	Aangeschuinde	Aangescheld	Ongeschild	Ongeschilde
Antarctisch Schiereiland	
Antigua en Barbuda	Aantoonbaarheid
Anton Pieck	Antennepark	Interlock	Intentieboek
Apennijns Schiereiland	
Aquitaanse Poort	Aanspoort	Aanspoor	Autosport	Olietransport	Uitsproot	Elitesport	Ontspoort	Uitspaart
Arabisch Bekken	Arabische	Aardschokken	Arabisch
Arabische Woestijn	
Arabische Zee	Arabische	Arabisch
Arcen en Velden	Urnenvelden	Urnenveld	Tranenvloed	Erinkveld
Argentijns Bekken	Argentijnse	Argentijns
Armoricaans Massief	
Arthur Conan Doyle	
Asturisch-Cantabrisch Gebergte	
Atlantisch-Indisch-Antarctisch Bekken	
Atlantisch-Indische Rug	
Atlantische Kustvlakte	
Atlantische Oceaan	Atlantische	Atlantisch	Atlanteïsch
Auguste Rodin	Asteroïden	Gasteerden	Arresteerden	Attesteerden	Gestoorden	Oogstwoorden	Gestreden	Gestuurden	Uitstrooiden	Estraden	Omstreden	Opstreden
Australische Alpen	Australische	Australisch	Oesterschelpen
Ayaan Hirsi Ali	Aangroeisel	Universalia	Universale	Entresol	Universeel	Universele	Ebbenhorst
Ayatollah Khomeini	
Ayers Rock	
Baai van Kotor	Baaivanger	Bazuinkoor	Bankkantoor	Banenmotor
Baai van Mont-Saint-Michel	
Baai van Peter de Grote	
Baai van Sint-Michiel	
Bab el Mandeb	Bibliomanen	Bloeimaanden	Bibliomanie	Beklemmende	Bebloemde	Bloeimaand	Beklemmend	Bebloemd
Balthasar Gerards	
Banater Gebergte	Bihorgebergte
Banda Aceh	Bandage	Bandenpech	Bandages	Bandzaag	Bandar	Banda	Bande	Panache	Andisch	Aandacht	Bandmaat	Bandnaam	Badcel	Nadacht	Candice	Bandiet	Bondage	Bandjes	Bandrem	Bancaire	Sandwich	Candices	Band	Manche	Bedacht	Benda	Binda	Noach	Bandieten
Bandar Abbas	Bandar	Bandera	Binddraad	Benaderbaar	Banderilla	Bandrem	Banderol
Bandar Seri Begawan	
Barbarijse Hoogvlakte	
Baruch de Spinoza	
Baskische Provincies	
Bataafse Republiek	
Beierse Alpen	Beerselse	Beslapen	Bursalen	Beersel	Beursplein	Berispen	Borstlappen	Borsele	Beslopen
Beierse Hoogvlakte	
Beierse Woud	Bredewoud	Beierse	Beerse	Beiers	Briesend	Beersel	Berouwd	Beurse	Boeiers	Boerse	Berouw
Bekken van Parijs	
Benedenwindse Eilanden	Benedenwinden	Benedenwindse	Benedenwinds
Benedictus de Spinoza	
Benito Mussolini	Niet-moslim	Betonmolen	Beatmissen	Beautysalon	Entmessen	Bontmutsen	Bentvelsen
Bergen op Zoom	Bergboezem
Berkel en Rodenrijs	
Bernadette Soubirous	Bernadettes	Brandmeesters	Brontosaurus	Brandmeester
Bill Clinton	Clinton	Bolplanten	Belcanto
Bill Gates	Bilges	Bullets	Biologes	Obligate	Bilge	Bulgaars	Laagtes	Ballotages	Legaties	Bel-etages	Beloftes	Bilocatie	Belagers	Blafte	Blikte	Leegtes	Birgits	Balgjes	Blogjes	Obligatie	Bolat	Boelage	Laagte	Blague	Ballotage	Blagen	Bigotte	Blaatte	Legatie	Belga	Belaagt	Bevlagt	Bigot	Blaat	Blogt	Blote
Blauwe Nijl	Blauwen	Blauwkiel	Blouwel	Blouwen	Lawinepijl	Blowen
Blauwe Rivier	Blauwere	Blauwer	Blauwwieren
Bocht van Gdansk	
Bocht van Helgoland	
Boergondisch Kanaal	
Boergondische Poort	Boergondische	Boergondisch	Bourgondische	Bourgondisch
Boheems-Moravische Hoogten	
Bohemer Woud	Bohemers	Bohemer	Bohemerin	Bohemen	Bomvrouw	Beheerraad
Bos en Lommer	Bosbloem	Busnummer	Beslommerd	Bodenmeer	Boeknummer	Bonhomme	Bouwnummer	Bosbloemen	Bosseleer	Bosaanleg	Baseliner	Fasenummer	Belmer	Bosneger	Baselier	Bloemer	Beslommerde	Busnummers	Bosvlam	Soulnummer	Beenloze	Bonhomie	Bluesnummer	Bonenmeel
Bourgondisch Kanaal	
Bourgondische Poort	Bourgondische	Bourgondisch	Boergondische	Boergondisch
Boven-Rijnse Laagvlakte	
Braziliaans Bekken	Balansboeken	Balansboek
Britse Maagdeneilanden	
Buenos Airees	Beniers	Bonaire	Bonsais	Binaire	Bendirs	Bosniërs	Buenos	Bennaars	Bennies	Busreis	Dinosaurus	Bossers	Bancaire	Bonarius	Bonsai	Bonnies
Buenos Aires	Beniers	Bonaire	Bonsais	Binaire	Bendirs	Bosniërs	Buenos	Bennaars	Bennies	Dinosaurus	Bossers	Bancaire	Bonarius	Bonsai	Busreis	Bonnies
Burkina Faso	Burkinees	Burkina	Burins	Breinbaas	Bruikbaars	Berkenbos	Brians	Brongas	Buurkind	Buurkindjes	Bierkens	Bruines	Bruinisse	Berkensap	Brinks	Berkenbast	Beerkens	Bruinvis	Arkansas	Burense
Campanische Archipel	
Canadees Bekken	Cadeauboeken	Canadees	Canadese	Donetsbekken	Handstukken	Codeboeken	Centenbakken
Canadees Schild	
Cantabrisch Gebergte	
Capelle aan den IJssel	
Caraïbische Zee	Caraïbische	Caraïbisch	Caribische	Caribisch	Arabische
Caribische Zee	Caribische	Caraïbische	Caribisch	Caraïbisch	Arabische
Carolus Borromeus	Columbariums	Columbarium	Colostrum
Cees Buddingh'	Buddingh
Centraal Massief	Centralisatie	Centraalst	Centralisme	Centraliseer	Centralist	Centrales	Contraoffensief
Centraal-Afrikaanse Meren	Centraal-Afrikaanse	Centraal-Afrikaans
Centraal-Afrikaanse Republiek	
Centraal-Indische Rug	
Centraal-Pacifisch Bekken	
Centraal-Pacifische Rug	
Centrale Cordillera	Controleformulier
Centrumraad Rotterdam	
Charles Darwin	
Charles Dickens	
Charles Lindbergh	
Charles de Gaulle	
Charlie Chaplin	
Charlotte Amalie	Charlotte-russe	Charlottes	Charlotte	Charlatanerie
Che Guevara	Guevara	Chevreau	Heuver	Doelgevaar	Gevaar	Chiara	Chaara	Schagenaar	Cheddar	Cholera	Schollevaar
Chileens Lengtedal	
Chinees Laagland	
Christiaan Huygens	Christenhonden
Christoffel Columbus	
Christoffel Plantijn	
Claes Janszoon Visscher	
Cockburn Town	
Constantijn Huygens	
Cordillera de los Andes	
Cottische Alpen	Notenschelpen	Cottische	Oorschelpen	Coschappen	Hartschelpen	Cao-schalen	Uitscheppen
Dalmatische Eilanden	Dalmatische	Balletscholen	Filmscholen	Klimaatschieten	Politiescholen	Elitescholen	Lidmaatschappen
Dante Alighieri	Datalogger	Eentaligheid	Deontologie
David Livingstone	
De Baarsjes	Gebaartjes	Baardjes	Baasjes	Baartjes	Kaarsjes	Dierbaarste	ME-busjes	Draadjes	Gebaartje	Barstjes	Blaasjes	Debatje	Basjes	Baarse	Baasje	Dobbertjes	Borsje	Draakjes	Briesjes	Bartjes	Kersjes	Kaarsje	Terrasjes	Baarssen	Bedjasjes
De Backer	Debacle	Duncker	Geback	Baecke	Lübecker	Back	Deck	Dicke	Deblokkeer	Derck	Decock	Dubach
De Bilt	Debiet	Dubbelt	Debiel	Drilt	Dweilt	Bilt	Debiele	Debuut	Druilt	Gebult	Debie	Dealt	Debat	Debet	Deelt	Doublet	Delil	Bedilt	Debbie	Debije	Delila	Defilé	Deli	Bolt	Built	Bult	Delta	Doelt	Dolt	Dweil	Delia	Dil	Bil	Del	Beult	Balt	Belt	Bill	Dili	Dabt	Deal	Deel	Dele	Dubt	Bedil
De Bruyn	Debruyne	Bruyn	Derby	Derny	Bryan	Debuten	Deben	Reebruin	Duyn	Deuren	Debriefen	Bruin	Debby	Debra	Deern	Deren	Geburen	Debrief	Deurne	Hebron	Derden	Derven	Burn	Deerden	Bern	Beuren
De Clercq	Declercq	Declerck	Leclercq	Clercq
De Cock	Decock	Cock	Deck	Derck	Dick	Donck
De Coninck	Coninck	Decock	Donck	Doornink	Dunnink	Decanen	Decenniën	Durinck	Declerck
De Groot	Begroot	Groot	Degout	Geroot	Wegrot	Deegsoort	Begroet	Droogt	Groote	Griot	Grot	Droog	Deert	Gerot	Groet	Geroet
De Groote	Groote	Begrootte	Begroot	Begrote	Begroete	Wegrotte	Droogte	Grootte	Groot	Grote	Begroet	Degout	Geroot	Wegrot	Begroette	Dagrente
De Haan	Deaan	Dehaene	Decaan	Zeehaan	Dejan	Daan	Dean	Haan	Rohaan	Dekan	Deiman	Demian	Dedain
De Klinge	Delling	Klinge	Deling	Deuling	Duikeling	Degeling	Develing	Dopelinge	Deklading	Kling	Dilling	Hekeling	Wekeling	Daling	Doling
De Meern	Meern	Deern	Emmeren	Demmer	Kemmeren	Smeren	Meren	Deren	Daemen	Diemen	Diemer	Deerne	Doemen	Someren	Dineren	Doneren	Deuren	Dieren	Diemers	Demonen	Doemden	Damen	Demir	Domen	Demon	Meieren	Demirel	Doveren	Bemuren	Daveren	Doceren	Doleren	Doseren	Doteren	Duperen	Hameren	Lemuren	Vomeren	Damien	Dammer	Demian	Demoor	Doreen	Dammen	Dimmen	Dimmer	Domein	Dommen	Dommer
De Meyer	Meyer	Demmer	Diemer	Demy	Demir	Mayer	Deemoed	Dammer	Demoor	Dimmer	Dommer	Emy	Damy	Demi	Dame	Demo
De Moeren	Moeren	Rumoeren	Demonen	Emmeren	Someren	Doneren	Kemmeren	Doreen	Deerne	Moreen	Dorren	Morren	Dieren	Mieren	Doveren	Doceren	Doleren	Doseren	Doteren	Smeren	Smoren	Meren	Moere	Moren	Deern	Demon	Deren	Dooreen	Doren	Vomeren	Domtoren	Doorren	Meieren	Demirel	Dineren	Donoren	Duperen	Demmer	Demoor	Dooren	Mooren	Deuren	Doemen	Duelleren	Demonie	Comoren	Bemuren	Daveren	Demotie	Hameren	Lemuren	Tumoren
De Morgen	Morgen	Droegen	Drogen	Demagogen	Demirel	Dimorfe	Morgan	Goedemorgen	Dreigen	Droge	Demir	Demoor	Dragen	Demarrage	Meiregen	Margien	Dreggen	Morgana	Marge
De Panne	Deponie	Deanen	Deppen	Spanne	Panne	Depannage	Dianne	Dyanne	Diepen	Dehaene	Danen	Denen	Dennie	Dennen	Dane	Daphne	Dean	Depten	Daanen	Dealen	Deinen	Deunen	Duppen	Dippen	Doppen	Daane	Deaan	Denie	Deppe	Diane	Duane	Dunne	Panna
De Pauw	Pauw	Dauw	Dauwe	Douw	Paauw	Dep	Duw	Pouw
De Pinte	Dupont	Pinte	Deint	Dente	Depte	Dekpunt	Deponie	Deviante	Gepunte	Spinet	Decente	Demente	Detente	Dipte	Depten	Ponte	Punte	Depot	Deunt	Diepte	Dunte	Pointe	Definiet	Dreint	Dept	Pint	Dante	Pinto	Dopte
De Ridder	Deirdre	Dierder	Ridder	Dorder	Duurder	Beredder	Geredder	Derde	Rider	Didier	Radder	Rieder	Drilde	Duidde	Duider	Redder	Dreigde	Dreinde	Breider	Dreijer	Breidde
De Ronde Venen	Rondventen	Rondrennen	Kernideeën	Droedelen	Rondvoeren	Dreinden	Vernederen	Dierenleven	Derangeren	Doorsnedene	Kroonduiven	Rondvaren	Dierenlevens	Dreunden	Doornemen	Rondventte	Heerenveen	Daarnevens	Diepenveen	Gronddelen	Herenleven	Doneerden	Doorademen	Runderen	Vereenden	Dierenvellen	Dreinen	Dreunen	Girondijnen	Gronddoelen	Rundvee	Doorgeven	Doorleven	Rondvissen	Doorrennen	Grondden	Rondvoer	Draadeinden	Rendieren
De Smedt	Desmedt	Desmet	Desemt	Smedt	Desemde
De Smet	Desmet	Desemt	Desmedt	Deïsme	Besmet	Gesmet	Desem	Smet	Esme	Desems	Desie
De Standaard	Standaard	Goudstandaard	Diestenaar	Standerd	Stander	Medestander
De Stijl	Decostijl	Deurstijl	Lesstijl	Neostijl	Dansstijl	Biedstijl	Distel	Distaal
De Telegraaf	Telegraaf	Telegrafie	Telegram	Stenograaf	Molegraaf	Demograaf	Etnograaf	Telegrafen	Dolgraag	Etalageraam	Heliograaf	Paleograaf	Uitgraaf
De Tijd	Dektijd	Deeltijd	Bedtijd	Deij	Tijd	Getij	Duiktijd	Duurtijd	Debije	Natijd	Dijde	Tijde	Dij	Ditje	Tij	Eitje	Doetje	Dijt	Duitje
De Vos	Devos	Devies	Devons	Davis	Delos	Devon	Daves	Doves	Devins	Dagevos	Davies	Devi	Deons	Dros	Deco	Deo	Vos	Des	Dos	Dreves	Devoon	Devoot	Devote	Deus	Doos	Deon	Eves	Levs	Demo	Deuss
De Wilde	Dweilde	Gewilde	Meewilde	Dewaide	Deelde	Drilde	Wilde	Druilde	Gewolde	Dealde	Gewild	Dweilden	Devilee	Bewalde	Dewelke	Gewelde
De Winter	Decenter	Doorwinter	Nawinter	Dronter	Midwinter	Decentere	Deint	Dementeer	Demonteer	Dente	Decente	Demente	Detente	Deviante	Downer	Gewint	Decanteer	Definiet	Dooiwater	Dreint	Deunt	Dunte	Wint	Duinwater	Dante	Winti	Dweilt
De Wolden	De-woorden	Dweilden	Deelden	Delden	Wolden	Dolden	Dwaalden	Gewilden	Doolden	Gewolde	Doelden	Deelde	Wilden	Woelden	Dieploden	Dewaele	Dolde	Bowlden	Walden	Welden	Dealde	Doolde	Dulden	Duwden	Dwalen	Dweilde	Dweilen	Kwelden
Den Briel	Debiel	Debrief	Doenbare	Demirel	Dendriet	Debiele	Duikbril	Deurbel	Briel	Daniel	Denier	Denzel	Denappel	Denarius
Den Ham	Denim	Beenham	Dinh	Danhof
Den Helder	Onhelder	Deelder	Onheldere	Verhelder	Deelde	Dender	Renelde
Den Uyl	Denny	Dentaal	Dany	Diny	Daniel	Daniël	Dentale	Danny	Donny	Dunya	Dünya	Daryl	Vinyl	Danilo	Darryl	Doyle
Deng Xiaoping	Dingdong	Pingping	Pingpong	Deeglap	Dingjan	Denekamp	Deng	Dingeman	Dengue	Hangop
Deo volente	Volente	Violente	Deviante	Devolutie	Valente	Doleantie	Violent	Deviant	Valentie	Devlin	Valent	Volant	Duvelen
Desi Bouterse	Desinteresse	Debaters	Debiteurs	Duisters	Saboteurs	Dusters	Dissenters	Distorsie
Desiderius Erasmus	
Dick Bruna	Dicker	Dijkbreuk	Dakbrand	Dicteren	Duckers	Dijkbreuken	Duikbril	Dakbaan	Doctrine	Doceren	Decker	Dokkeren	Dieckmann	Nicobaren	Doctoren	Donkeren
Dinarische Alpen	Dinarische	Eierschelpen	Dienschalen	Donorschap	Oorschelpen	Doorschrappen	Neusschelpen	Dansscholen
Dode Zee	Diepzee	Doede	Doder	Dode	Deze	Doedes	Doedel	Dudzele	Odieuze	Dodde	Donze	Doden	Dadizele	Dadeloze	Doodzieke	Doorzie	Dede	Diode	Doddige	Doodziek	Dodo
Domela Nieuwenhuis	
Dominicaanse Republiek	
Douglas Adams	Douglas	Glasraam	Glasmassa	Dualisme	Glasdeur	Glasdoek	Beglaasde
Dries van Agt	Drugsvangst	Drieslag	Driespan	Dressing	Drie-enig	Drie-enige	Driesprong	Driesen	Driespannen	Derving	Driessen	Gresnigt	Drieling	Riesling
Duitse Bocht	S-bocht	Tiebosch	Disticha	Doorslecht	Fietslicht	Dittrich	Toebosch	Dubach	Kitsch	Putsch	Tibosch	Tsjech	Deiktisch	Nautisch
Dwight Eisenhower	
Dzjoengaarse Poort	Dzjoengaarse
E. coli	Coli	Eicel	Colli	Eli	Col	Elco	Cali	Cola	Erol	Ecoloog	Cloo	Cool	Clou	Aioli	Exil	Cilia	Collie	Collo	Ebola	Eclair	Cecil	Clio	Elia	Elie	Elio	Ecologie	Ecu	Olie	Echo	Cloë	El	Cl	Emil	Celia	Celie	Ellie	Coole	Echel	Ecloge	Ali	Ela	Uli	Acoliet	Cel	Ceelie	Cello	Ceel	Celle
Eddy Merckx	
Edgar Allan Poe	Engerling
Eduard Douwes Dekker	
Eerste Kamer	Rustkamer	Eersteklasser	Testkamer	Insteekkamer	Eersteklas	Gerstakker	Eerstkomend	Biersteker	Vorstkam	Neersteken
Egadische Eilanden	Goudschalen	Aardschollen	Afschillen	Eikschillen	Wegschuilen	Afschalen	Dagscholen	Stadsscholen	Aanschellen	Eekschillen	Wegscholen	Waagschalen	Eierschalen
Egeïsche Zee	Egeïsche	Elegischer	Wegscheer	Elegische	Geschiere	Oegrische	Geschrei	Epische	Eolische	Geschiet	Enschede	Wegscheur	Escher	Geschatte	Geschutte	Wegschiet	Geschal	Geschat	Geschil	Geschut	Eigenschap	Leegschudde	Geschuif
Eilanden beneden de wind	
Eilanden boven de wind	
Eise Eisinga	Eisenga	Eisinga	Idsinga	Essing	Opeising	Eelsing	Elsinga	Esseling	Osenga	Osinga
El Obeid	Obeid	Allebeide	Belboei	Albeda	Elbe	Elodie	Oliebad	Eloois	EU-beleid	Gelobd	Aleid	Eerbied	Globe	EU-lid	Eleni	Elies	Arbeid	Libido	Elie	Lobo	Welbie	Obe	Obi	Lebbe	Lob	Elien	Gelobde	Aleida	Albedil	Abed	Ebbe	Elba	Elle	Euboea	Ulbe	Albe	Obia	Eoliet	Oblie	Holebi	Volbeda
Elena Ceausescu	Incisies
Emile Zola	Muilezel	Emilia	Emiels	Emiles	Muilezels	Emiel	Emile	Emilio	Miezel	Semilegaal	Emilies	Emilie	Emils	Demelza	Elzo	Emil	Moezel	Semilegale	Liezele	Emily	Emmelot	Oliebol
Enzo Ferrari	Enzoverder	Offeraar	Inferieur	Inferieure	Onliterair	Onfraai	Enzovoort	Inzetbare	Offreer	Onfair	Unfair	Onfraaie	Infra	Onzegbare	Onzer	Onnozelaar	Onzekerder	Eenzamer	Onnozelaars	Uniformer
Eolische Eilanden	Uloscholen	Eikschillen	Peilschalen	Peulschillen	Eekschillen	Elitescholen	Olieschokken	Gloscholen	Opschalen	Eierschalen	Omscholen	Afschillen
Erich Honecker	
Ernest Hemingway	
Ethiopisch Hoogland	
Etruskische Apennijnen	
Eva Braun	Aviobrug	Afbreien	Isobaren	Aanbreien	Oerbron	Opbaren	Aanboren	Veeboeren	Overeen	Oliebaron	Oliebron	Inbreien	Arabieren	Inboren	Omberen	Opboren	Ooievaren	Uitboren
Fehmarn Belt	Fehmarn
Ferdinand Domela Nieuwenhuis	
Fidel Castro	Fideelst	Delicater	Fijlstra	Deelstra	Filister	Fileerster	Dalstra	Dolstra	Flokstra
Filips II	Filips	Filipes	Flips	Filippini	Flipse	Filippus	Flops	Felipes	Filip	Filipe	Filius
Filips de Goede	Flipperde	Filipes	Ellipsoïde	Filips	Flipse	Flaphoeden	Filodeeg	Flaphoed	Flipsen	Flapperde	Ellipsoïden	Flappende	Flips
Filips de Schone	
Finse Golf	Fusiegolf	Minigolf	Onszelf	Loongolf
Finse Merenvlakte	
Floris V	Floris	Florist	Flors	Floors	Floers	Loris	Fleuris	Florie
Flying Fish Cove	
Franciscus van Assisi	
Frank Zappa	Franka	Frankema	Frankena	Franks	Frank	Franz	Frankes	Frankst	Franke	Franky	Fransz	Frankies	Frankie	Franken	Franzen	Franker	Frankeer	Frankere	Franklin	Frantzen	Frenk	Frankeert	Frankeren	Frankeerde
Frans Hals	Fronsels	Fransdol	Fransmans	Transvaals	Fransdolle	Fransjes	Fransdolst	Franstalig	Fransoos	Fransman	Franglais	Zwaanshals
Franse Alpen	Fronselen	Ranselen	Afranselen	Ranselden	Franstaligen	Afranselden	Ronselen	Afronselen
Franz Joseph Strauss	
Frederik Hendrik	
Friedrich Nietzsche	
Galileo Galilei	Glossolalie	Gevleugelde	Gevleugeld	Gelagzaal	Glasgevel
Gautama Boeddha	Getamboerd	Getimed	Getuimeld	Getimede	Getuimelde	Getobd	Getimmerd	Getemde	Getimmerde	Getemd	Getemden	Geteemd	Getimmerden	Getoomd	Getoomde
Gazet van Antwerpen	
Gele Rivier	Geleerder	Geel-rode	Solorivier	Galerie	Geleerdere	Glorieer	Galeries	Gerieve	Geelrode	Galerieën	Geler	Gillerige	Glories
Gele Zee	Gelezen	Gelee	Gelazer	Gilze	Geleen	Gelede	Geleed	Geleek	Gelees	Geleide	Geleien	Geilere	Gelre	Geler	Gele	Glee	Elze	Geelen	Geelse	Geelde	Gelieve	Gezel	Geuze	Gelei	Elize	Gelde	Gelen	Gelet	Gleed	Vleze	Geloei	Glazen	Gezelle
George Orwell	Geërgerde	Georgiër	Groengordel	Gergel	Gorgel	Gegruweld	Georgiërs	Niergordel	Gierigere	Geregeerde	Gregoire	Geërgerd	Geregeerden	Geuriger	Geregeerd	Garneersel	Gorgonzola	Gruwel	Gregorius
George W. Bush	
Gerard Reve	Geradeerde	Gelardeerde	Gerard	Gérard	Geharder	Gegradeerde	Gerarda	Gerardo	Gerardu	Gerards	Geradeerd	Gradeerde	Garderobe	Gereder	Gerardus	Geridderde	Gelardeerd	Geleerdere	Gevorderde	Geredder	Regardeerde	Gerardina	Gaarder	Regarderen	Geroerde	Geerards	Gaarders
Gerard van Velzen	
Gerrit Jan van Heuven Goedhart	
Gerrit Krol	Gerinkel	Geritsel	Gerstkorrel	Gereutel	Gerstekorrel	Geïrriteerd	Gekrioel	Geriatrie	Geïrriteerde	Gierstkorrel	Geratel	Geriater	Territoriale	Drukrol	Fruitkorf	Gerekter	Gruitrode	Geriaters	Territoriaal	Gastrol	Gruiters
Gerrit Rietveld	Getroeteld	Vertroeteld	Vertroetelde	Vertroetel	Getorteld	Kraterveld
Gerry Adams	Geraads	Geraamd	Geradts	Grahams	Geraadzame	Geraamde	Geraadzaam	Geerards	Eredames	Grenadaans	Geraeds	Geralds	Gerry	Grada	Grenada	Geerdes	Geraedts	Gerardus	Perdaems	Eredame	Geraden	Heradem	Keerdam	Veerdam	Gradus	Riyads	Graham	Verdam	Geraniums	Maryams	Meryems	Veradem
Gijsbrecht van Amstel	
Gilze en Rijen	Huizenrijen	Zuilenrijen	Glutenvrije	Geweldenarijen	Geelgieterijen	Huizenrij	Golfenergie	Pluizerijen	Glutenvrij	Glazenier	Zuilenrij	Galonneren
Godfried Bomans	
Golf van Aden	Golfvelden	Gala-avonden	Golvende	Golfen	Golven	Gelaafden	Golvend	Golfveld	Gelovende
Golf van Ajaccio	
Golf van Akaba	Geelvinkbaai	Golfvakantie	Golflinks
Golf van Anadyr	
Golf van Argolis	Golfenergie
Golf van Bengalen	
Golf van Boergas	Golfenergie	Slavenburg
Golf van Bone	Golfvormen	Golfvelden	Gala-avonden	Golffronten
Golf van Californië	
Golf van Egina	Golvingen	Molenvangen	Gevangen	Golfvelden	Golfvormen	Afvangen	Gevangene	Golving	Halfnegen	Golflengten	Gillingen	Glooiingen	Golflengte	Afvingen	Gellingen
Golf van Gabès	Golflengtes	Golvingen	Golflengte	Golving
Golf van Genua	Golvingen	Molenvangen	Gevangen	Afvangen	Golflengten	Gevangene	Golfvelden	Golfvormen	Golving	Gillingen	Glooiingen	Afvingen	Gellingen
Golf van Guinee	Golvingen	Gevangene	Golflengten	Molenvangen	Gevangen	Golflengte	Afvangen	Golving	Golfvelden	Golfvormen
Golf van Kiparissia	
Golf van Korinthe	
Golf van Martaban	
Golf van Messina	Golfvormen
Golf van Mexico	
Golf van Napels	
Golf van Oman	Golfvormen	Golfvorm	Gala-avonden	Golfvelden	Geldvormen	Golffronten
Golf van Patras	Galvanometers	Galvanometer
Golf van Petalia	
Golf van Riga	Golfenergie	Golving	Golfvorm	Geldvraag
Golf van Rijeka	
Golf van Sidra	Galvaniseer	Galvaniseerde
Golf van Strimon	Golfstromen
Golf van Suez	Galvanisme	Galvaniseer	Galvanisatie	Gloeiovens
Golf van Tarente	
Golf van Thailand	
Golf van Thessaloniki	
Golf van Tolo	Golfvakantie	Golfvakanties	Golffront	Golffronten
Golf van Tomini	Golfvormen	Golffronten
Golf van Tonkin	
Golf van Triëst	Golfvakanties	Golfvakantie	Galanterie	Golfcentrum
Golf van Venetië	Golfvakantie
Golf van Volos	
Gouden Hoorn	Godenzoon	Eenhoorn	Goudenregen	Seinhoorn	Gussenhoven	Duindoorn	Barnhoorn	Godenleer
Graft-De Rijp	Grafterp
Grajische Alpen	Gaapschelpen	Graafschappen	Hartschelpen	Grajische	Rijscholen
Greet Hofmans	Grietman	Graafmans	Geertman	Rothman	Grooteman	Groeihormoon
Greet Hofmansaffaire	
Groene Boekje	Giroboekje	Groenboer	Gordebeke	Groesbeek	Gerenoek	Berenboek
Groot Artesisch Bekken	
Groot Australisch Scheidingsgebergte	
Groot Barrièrerif	Grootbedrijf
Grote Antillen	Groottante	Groottantes	Doortintelen	Groeipotentieel	Gestuntel	Gruttenmeel
Grote Arabische Woestijn	
Grote Australische Bocht	
Grote Bekken	Grootboeken	Grotesken	Gordebeke	Groesbeek	Groteske	Grootkeuken	Grootbek	Grotesk
Grote Belt	Grabbelt	Grootbek	Grietfilet	Grootbeeld	Retabel	Totebel	Roebel	Groenevelt	Troetelt	Grote-Brogel	Griezelt	Kriebelt	Troebel	Grotere	Grabbel	Troebele	Groteren	Giebel	Portable	Grote	Gebel	Groette	Rebel	Troetel	Greebe	Grobbe	Gebult	Ratelt
Grote Fatra	Grootelaar	Groeifactor	Groter	Grotere	Gorter	Grootfaam	Groftes	Grieft	Grofte	Gootwater	Gortemaker	Gruter	Gerstewater	Grootmetaal	Getoeter	Gestoeft	Grupstra	Getater	Graftak	Gerieft	Roetfilter	Gietwater	Grafterp	Getetter	Getuft	Grootsere	Vertoeft	Griffer
Grote Hongaarse Laagvlakte	
Grote Kanaal	Götakanaal	Geboortekanaal	Graadkanaal	Rookkanaal
Grote Kapela	Grafkapel	Grootkapitaal	Slotkapel	Kriekappel	Gortepap	Grootpapa	Greppel	Groeikapitaal	Getrappel	Graftempel	Koorkapel	Pronkappel	Rookpaal	Geredekavel	Getokkel	Rotkreupel	Rotkop
Grote Meren	Groteren	Grimeren	Grotere	Gratineren	Groter	Grooteman	Grootsere	Gottmer	Gortigere	Gortmolen	Gortemaker
Grote Oceaan	Groteren	Grooteman	Groeten	Groten	Grooten	Grotten	Gorten	Grietman	Groot-Loon	Gert-Jan	Graten	Groeitoppen	Gratiëren	Garretsen	Gerretsen	Gertjan	Gertsen
Grote Pier	Grotere	Groter	Groepte	Groupie	Gortiger	Gretiger	Groept	Rietpeer	Grote	Groep
Grote Sint-Bernhardpas	
Grote Slenk	Grotesken	Groteske	Grotesk	Grootsten	Gortmolen	Goselink	Ritselen	Frutselen	Ritselend	Gosselink
Grote Soenda-eilanden	Griendlanden	Groepsindeling	Groeiaandelen	Griendland	Grotendeels	Gronddelen	Gronddoelen
Grote Van Dale	Groeiaandeel	Groetende	Groentehandel	Grievende	Grotendeels	Gravendeel	Gestevende	Groetend	Gravende
Grote Victoriawoestijn	
Grote Visbaai	Groetenis	Groeves	Grotens	Groters	Grotesk	Grootvisserij	Groetenissen	Grooters	Gratis	Groetjes	Groothuis
Grote Vissersbank	
Grote Zandwoestijn	
Grote Zoutwoestijn	
Guido Gezelle	Gezelle	Gedoezeld	Doezel	Goudgeler	Gedoogzone	Gefoezel	Goedele	Gazelle	Dudzele	Griezel	Goudgehalte	Reisgezel	Google	Googel	Goudgeld	Gruizel	Wegdoezel	Gezel	Duizel	Gezeul	Goedgeefse	Goedogende	Goedgezinde
Haarlemmerliede en Spaarnwoude	
Hare Majesteit	Harnaste	Harm-Jans	Harmkes	Harnast	Harems	Heremiet	Armste	Frameset	Harpeniste	Grimaste	Herrijst	Harmans	Hartjes	Warmste	Harmonisatie	Harmoniseert	Harigste	Harpiste	Heerste	Harm-Jan	Harmonisaties	Heemst	Hartigste	Hermans	Hermsen	Vermast	Armst	Fermste	Hertjes	Keramiste	Heermoes
Hare Majesteit de Koningin	
Harer Majesteits	
Harry Houdini	Harshoudend	Harshoudende	Hardheden	Verhouden	Hooghouden	Voorhouden
Heilige Stoel	Heiligste	Heiligst	Ligstoel	Vliegstoel	Regiestoel
Hella Haasse	Helaas	Heihaas	Fellahs	Helleense	Hellens	Leahs	Heelhuids	Helthuis	Helleens	Koolhaas	Hoelahoep	Hillies	Halense	Helenes	Helènes	Haalmes	Healers	Helices	Heilloos	Hekhuis	Heiligs	Heliosis	Lahuis	Salahs	Hannahs	Heiloos	Heleens	Holthuis
Henck Arron	Honecker	Hunkeren	Henckens	Henck	Hongaren	Herkeuren	Pinckaers	Hunkerden
Hendrikus Colijn	
Henri Matisse	Henriettes	Henriëttes	Hermetisme
Henry Ford	Henry	Honorair	Honoraire	Honoreerde	Honoreer	Honoraria
Heren XVII	Herenig	Herenhoeve	Heren	Herenhuis	Herenigd	Herenigt	Herenleven	Hernia	Herent	Herenen	Renvooi	Herents	Herne	Heeren	Herren	Hoeren	Hoerenhuis	Herentse	Hern	Haren	Herenbaan	Herenigde	Herenigen	Herenleed	Herenmode	Herin	Horen	Huren
Herman Gorter	Derangeert	Vermangelt	Harmonieer	Herenigt	Hiernaartoe	Vermengt	Harmoniseert	Herinnert	Harlinger	Ringrot	Fermenteert	Harmonieert	Tourmanager	Verhongert	Vermindert	Harmonieuzer	Harmoniëren	Haringnet	Haarlengte
Herman Melville	
Herman van Woerden	Heerenvener	Dromenvanger
Het Laatste Nieuws	Hitlijsten
Het Parool	Parool	Hyperbool	Hitparade	Hetero	Vetrol	Metropool	Heipaal	Hekpaal	Terol	Triool	Capriool	Prol	Trol	Hetaere	Taalrol	Parel	Pearl	Tirol	Heter	Troel	Oprol	Sterrol	Harrel	Hetere
Hirsi Ali	Hirsi	Hiralal	Hirs	Hersi	Harslak	Rosalia	Rosalie	Bursaal	Dorsaal	Dorsale	Kursaal	Harsig	Herval	Hors	Herstel	Harsige	Herhaal	Herviel	Marsala	Haris	Hars
Ho Chi Minhstad	Schuimnest
Hoek van Holland	Huilverhalen
Hof van Twente	
Hoge Atlas	Hagels	Getal	Hoetel	Getale	Vegetaal	Heugels	Houtluis	Digitalis	Hooigat	Heggetjes
Hoge Tatra	Getater	Hoogaltaar	Hoekstra	Hartstra	Tatra	Hoger	Hiemstra	Getaterd	Gematria	Hemstra	Henstra	Hagelaar	Hagenaar	Agitator	Heemstra	Go-getter	Hetaere	Hoetelaar	Hoogstrate	Getetter	Getoeter	Getter	Hoogtekaart	Gitaar	Nogataart	Getut	Tetra
Hoge Venen	Hoevenen	Hogeveen	Hoogeveen
Hooge Zwaluwe	Gierzwaluw	Zwaluwe	Zeezwaluw	Zwaluw
Hoogland van Auvergne	
Hoogland van Bolivia	
Hoogland van Brazilië	
Hoogland van Dekan	
Hoogland van Guyana	
Hoogland van Iran	
Hoogland van Mexico	
Hoogland van Shaba	
Hoorn van Afrika	Heerenvener
Horst aan de Maas	Verstaanders	Hoogstaande	Hoogstaander	Voorstaande	Verstaande	Vorstendom	Voorstanders	Verstaander	Hoogstandjes	Hoestende	Hoogstaand	Verstandeloos	Dorstende	Verstande
Hugo Brandt Corstius	
Hugo Claus	Claus	Heugels	Hocus	Hagels	Hoogglans	Nucleus	Goals	Hugo	Glas	Heugel	Hola	Claas	Claes	Holla	Class	Clous	Hoela	Holes	Humorloos	Hopla	Oogglas	Nicolas	Hagel	Douglas	Gallas	Goeles	Helaas	Rucola
Hugo de Groot	Ordegrootte	Hoondert	Haverdegort	Hagoort	Goderie	Gregoor	Hindert	Godart	Goeder	Hoeder	Hoofdgroep	Houder	Holder	Gedoogt	Hierdoor	Goudoog	Ruggengraat	Goedpraat	Hoorder	Huurder	Goudgroeve	Hodge	Heugde	Godver	Huidige	Gedart	Gedoog	Hoogde	Gregor	Hagedorn	Godrie	Haider	Gadget	Huidig	Geldgroei	Handdroog	Heugden	Hinder	Gedroeg	Honigraat	Hardgroen	Hoogdag	Hegger	Roodgeruit	Helder	Holger	Hooglugt	Harder	Herder	Honger	Hoogdruk	Gegraai	Rodger
IJzeren Poort	Kazernepoort	IJzerboor	Ijzerboor	IJzertekort	Ijzertekort	IJzeren	Ijzeren	IJzerhart	Ijzerhart
ISO 8859-1	ISO	USO	IS	ISA	ISE	ASO	ISAÏ	ISSA	ISSE	OS	US	IPSO	IDO	OSS	IO	SO	EIS	AS	ES	PISO	EISE	INO	IVO	HSO	LSO
Iberisch Randgebergte	
Idi Amin	Idiomen	Damian	Damien	Damon	Oudman	Amin	Oudeman	Daman	Damen	Imani	Obiaman	Deiman	Duman	Daamen	Diemen	Dimmen	Idioom	Damiano	Domini	Domino	Domein	Domina	Iman	Ademen	Amina	Amine	Amini	Amon	Duimen	Armin	Idealen	Idioten	Indammen	Innamen	Aidan	Damiaan	Idema	Daemen	Damman	Demian	Dammen	Adam	Adan	Aman	Edam	Emin	Amen	Idem
Ierse Zee	Oerzee	Ierse	IJszee	Ijszee	Iers	Eiersauzen	Eersel	Arseen
Indisch-Antarctisch Bekken	
Indische Archipel	
Indische Oceaan	Indischman	Inschepen	Inschoven	Indische	Inscheppen	Indischmannen	Eindschotten	Ingeschoven	Windschoren	Inscheuren	Windscheuren	Indisch	Ingeschoten	Inschieten	Inschoppen	Inschalen
Internationaal Strafhof	
Internet Explorer	Internetpionier	Internetpoll	Internetspelers	Internetspel	Internetpopulatie	Internationaler
Ionische Eilanden	Inschalen	Inschaalden	Aanschelden	Inschakelen	Uienschillen	Aanschellen	Inschaalde	Inschieten	Inscheuren	Inschikken	Inschepen	Aanschelde	Inschatten	Inscheppen	Inschuiven
Ionische Zee	Ionische	Ionisch	Inscheep	Inscheur	Inschep	Enschede	Inschiet	Onschone
Isaac Newton	Aanwetten	Asyndeton	Asceten	Discanten	Accenten	Secanten	Ascendenten	Usantiën
Italiaans Schiereiland	
Ivan Pavlov	Ovenpaal	Ovenpalen	Ovenplaat	Evenveel
Ivan de Verschrikkelijke	
J.R.R. Tolkien	Vertolken	Jarretellen	Jaartallen	Jarretelle	Vertolk	Jaartotalen
Jack Kerouac	
Jacques-Yves Cousteau	
Jagernath Lachmon	
James Joyce	
James Watt	Megawatt	James	Jamestown	Maaswater	Amusant	Jaimes	Jamies	Mestte	Jams	Mesut	Jamsessie	Meewaait	Bemestte	Amusante	Miswas	Bemeste	Gemeste	Misgaat	Miswaak	Muskaat
Jan Adriaenszoon Leeghwater	
Jan Campert	Cinecamera	Incompleet	Hoencamp	Incomplete	Juninummer	Jonckheere	Einddemper	Nienkemper	Toondemper
Jan Cremer	Lanceer	Concreter	Crème	IJscrème	Ijscrème	Janvier	Handrem	Janice	Jean-Pierre	Lanceren	Concreet	Nuanceer	Janices	Jansema	Enormer	Jenever	Bandrem	Informeer	Incarneer	Concretere	Concrete	Ontromer	Pancreas	Jeremie	Jankerige	Janco	Nerem	Crime	Concurreer	Jerome	Jerôme	Jérôme	Jairam	Janoom	Jochem	Enorme	Jeremia
Jan Harm	Hanhart	Kansarm	Langarm	Vangarm	Jean-Marc	Januari	Nahar	Aanhark	Janhen	Tangram	Harm	Jairam	Jannah	Janhagel	Kansarme	Jannahs	Inham	Janoom	Eenarm	Janeiro	Runhart
Jan Peter Balkenende	
Jan Pieterszoon Coen	
Jan Steen	Jonasten	Jansen	Jasten	Janssen	Jantien	Janszen	Dansten	Jankten	Jantiene	Janissen	Janetten	Janussen	Tinsteen	Jansloten	Janse	Jantine	Jaste	Janson	Jensen	Josten
Japanse Binnenzee	
Japanse Zee	Japanse	Japans	Jansz	Japanner	Janszen	Japanners	Sponselee	Jaans	Janse	Japan	Spaanse	Japonnetje	Pensee
Jean Jacques Rousseau	
Jean-Luc Dehaene	Aanlachen
Jean-Paul Sartre	
Jeanne d'Arc	Jean-Marc	Jenner	Leandra	Jandorie	Bandar	Hendrica	Jennifer	Janeiro	Kendra	Januari	Leandro	Jenever	Vandaar	Nadar	Andra	Jennifers	Jende	Eenieder	Leanders	Meanders	Jean-Pierre	Sandra	Xandra	Eender	Nadars	Jeinde	Janvier	Wander	Neder	Eenieders	André	Ander	Bandera	Benader	Eendere	Bender	Lander	Mander	Pander	Sander	Vander	Xander	Zander	Andere	Dender	Einder	Tender	Zender	Anders	Benaderd	Benadert	Genaderd	Beunder	Reinder	Paander	Rendeer	Taander	Tendeer
Jeroen Bosch	Dorenbosch	Doornbosch	Doornbusch	Hazenbosch	Oudenbosch	Irenisch	Ironisch	Forensisch	Frensch
Jeroen Brouwers	Janbroers	Breinbrekers	Serie-inbrekers	Neurenberger	Breinbreker	Serie-inbreker
Jezus Christus	Jaarschrift	Schorst	Schorste	Opschorst
Jip en Janneke	Jip-en-janneketaal	Jojanneke	Jaap-Jan	Apennijnen	Japonnen	Apennijner	Jentink	Jannink
Joeri Gagarin	Gagarin	Rijggaren	Breigaren	Bergahorn	Vergaren	Corrigeren	Terugvaren	Roggearen	Voorgaren	Berggroen	Engageren	Jarigen	Jutegaren	Bergenaren	Reageren	Margarine	Doorgevaren	Ergeren	Regaleren
Johan Huizinga	
Johan van Oldenbarnevelt	
Johann Sebastian Bach	
Johannes Calvijn	
Johannes Gutenberg	
Johannes Paulus II	Jean-Pauls	Johannesbloem	Jansalies
Johannes Vermeer	Johanneskever	Johannesbloem	Johannesbrood
Johannes de Doper	
John Cockerill	
John F. Kennedy	
John Lennon	Johnson	Johansen	Inlenen	Johnsons	Hellenen	Chilenen	Aanleunen	Hole-in-one	Halonen
Joop den Uyl	Jodentaal	Paddenpoel
Joop van den Ende	Kaapverdianen
Joost van den Vondel	
Joseph Haydn	
Joseph Heller	Josephine	Joséphine	Joseph	Josephines	Joséphines	Josepha	Josephs	Josephus	Josephina
Joseph Luns	Josephines	Joséphines	Josephus	Joséphine	Josephina	Josephs	Josephine	Josepha	Joseph
Jozef Stalin	Joelfeesten	Jazzfestival	Jazzstijlen	Jazzfestivals	Julifeesten	Veediefstallen
Judas Iskariot	Judaskus	Judaskussen	Judosport	SIS-kaart	Madagaskar
Judas Taddeüs	Judaste	Bedstedes	Badstad	Judast	Judasstreek	Godsstad	Judasgeld	Justices	Justines	Bedstede	Daasde	Judas	Stade	Dusters	Ja-stem	Stadie	Duisters	Jasten	Radstand	Justeerde	Duisterde	Studies
Jules Verne	Jilesen	Uilenveren	Jesseren	Pulseren	Pulveren	Beleveren	Lesboeren	Releveren	Klaveren	Severine	Cultiveren	Molesteren	Halveren	Kalveren	Plevieren	Laseren	Lesuren	Luisteren	Lesvrije	Juliviering	Gasveren	Lasteren	Meeleveren	Toeleveren
Julische Alpen	Julische	Uloscholen	Peilschalen	Muloscholen	Neusschelpen	Eierschelpen	Jakobsschelpen	Kleischalie	Koelschepen	Oorschelpen	Poolschepen	Schulpen	Gaapschelpen	Gloscholen	Peulschillen
Julius Caesar	Julicher	Julische	Hulscher	Milieuscores	Holscher
Julius Civilis	Julische	Uloschool	Glasvlies	Kleischalie	Muloschool	Loscedels	Peulschil	Halsgevels	Lesuitval	Lascieve	Losceel	Loscedel	Aalsvel
Kaap Glossa	Kopglas	Kraagloos	Kapels	Koploos
Kaap Hoorn	Kopvoorn	Kaproen	Ophoren	Kophouten	Kohieren	Kopiëren	Keperen	Koperen	Kieperen
Kaap Matapan	Matapan	Klimaatplan	Kompaan	Klapmutsen	Krammatten	Kapten	Klimaatpanel	Kaptein	Kaptijn	Krampen	Opmaten	Kapoetsen	Kapitein	Kapteijn	Klimaten	Knipmutsen	Kappetein	Kapiteijn	Kappetijn	Kopmannen	Keeplatten	Klemmappen
Kaap Sideros	Kapsters	Kampleiders	Sideros	Kaapstanders	Kaarders	Kaatsers	Aasdier	Kassier	Keepsters	Koopsters	Kaapse	Kaasde	Kapoeres	Kooporders	Kepser	Kaakspier	Kaapstander	Oppasadres	Kapdoos	Kaarder	Kaatser	Kapsels	Paapser
Kaap Sint-Vincent	
Kaap Soenion	Kapoenen	Kaproenen	Kapsones	Kapseizen	Kapsalon	Kapselen	Kopstenen
Kaap Verdebekken	Verdebekken	Kaapverdianen	Kaapverdiër	Kaapverdië	Koperdrukken	Kaapverdiaan	Kaapverdiaanse
Kaap de Goede Hoop	
Kanaal van Bristol	Klerenborstel
Kanaal van Malta	Knolvenkel
Kanaal van Otranto	Knelpuntennota
Kanaal van Sicilië	Knolvenkel
Karel Appel	Kaneelappel	Kriekappel	Kersappel	Kreupel
Karel V	Karel	Karels	Karelië	Karelse	Kareel	Karl	Karla	Karol	Kerel	Karls	Karols	Kerels
Karel de Grote	Korrelgrootte	Keldergat	Beeldgrootte	Kleddert	Ordegrootte	Koldert	Kliedert	Korrelgrootten	Korrelgroottes	Korreligere	Kladdert	Krulligere	Korreliger	Roodgeruite
Karel de Stoute	Kruldistel	Kareelsteen	Koorleidster	Klaroenstoot	Praalstoet	Koersopstoot	Krulsets	Krulset	Radstaat	Krolst	Krulstaart	Kordaatst	Kruldistels
Karische Poort	Karische	Karspoor	Verscheper	Verschroot	Verschoor	Herschept	Afscheper	Kerkschepen	Verscheurt
Karl Marx	Kalmer	Korlaar	Kalmere	Kramer	Kalmeer	Klerx	Krammer	Kramers	Kalmeert	Kalmeren	Kolmer	Kremer	Krammers
Karnische Alpen	Kraanschepen	Koranscholen	Hartschelpen	Karnische	Marineschepen	Kerkschepen	Oorschelpen
Kaspische Laagte	
Kaspische Zee	Kaspische	Kosmischer	Kempische	Kosmische	Kopschuwe	Kempisch	Kosmisch
Kazachse Bocht	
Kazachse Rug	Kaakchirurg	Kaakchirurgie
Kazakse Bocht	Kaukasisch	Kaukasische	Kerkschat
Kazakse Rug	Kazakse	Kazaks	Krakerig	Krasserig	Krakerige	Krasserige	Kerkser
Keltische Zee	Keltische	Keltisch
Kieler Bocht	Kieldrecht	Kniebocht	Kleurecht	Rivierbocht	Keerdicht	Verbocht	Leernicht	Kieljacht	Kleurechte	Leerdicht	Koelucht	Leerrecht	Leerzucht
Kleine Antillen	Ledenaantallen	Koeienstallen	Klantenaantallen	Kengetallen	Kleinhandel	Kleinmetaal	Keelpastille	Klingelen	Klanten	Klarinetten	Kleinen	Koelmantel	Klinimobielen	Klimnetten	Klinketten	Kolencentrale	Kolentippen	Clientèle	Kleineert
Kleine Atlas	Kleinmetaal	Kleintjes
Kleine Balkan	Kielbalken	Kolenbakken	Kleinmaken	Kroonbalken	Kolenbekken	Kraanbalken	Klein-Gelmen	Leenbanken	Menubalken
Kleine Belt	Kleitablet	Knibbelt	Klingel	Knabbelt	Knibbel	Klungel	Knobel
Kleine Fatra	Kleefstra	Kleineert	Kleiner	Kleineer	Kleinere	Kleinmetaal	Kalefater	Leentfaar	Kenitra	Kaninefaten	Lenstra	Linstra	Kleeft	Klieft	Kloetstra	Kaninefaat	Luinstra	Kleinhout
Kleine Kapela	Klankspel	Kriekappel	Klankpalet	Kleinmetaal	Klinknagel	Kienspel	Klerikaal	Klerikale	Klerenkopen	Klerenkoper	Kniekap	Klanktaal	Lekenspel	Kniekappen	Krinkel	Kinkel	Knekel	Kolenkachel	Klinieken	Klankenspel	Klippel	Koeienkop	Klinkklare	Koeienkoppen	Kielekiele	Klinkerpad	Klinkende
Kleine Karpaten	Klinkerpaden	Klinkersteen	Kleurenkaarten	Kienkaarten	Klinkerpad	Kleinkrijgen	Klinketten	Klinkert	Klanktrappen
Kleine Sint-Bernhardpas	
Kleine Soenda-eilanden	Kleinstedelingen	Kleingesneden	Kleinsnijden	Kleinstedeling
Knut Folkerts	Knuffelkont	Netelkoorts	Knokkelkoorts	Kanaalkoorts
Koerse Haf	Koerse	Koerselaar	Koersels	Koersdag	Koersel	Koersen	Kerkhof	Koersbal	Koersval	Koerste	Kroeshaar	Korse	Koers	Koersten	Kerkhoff	Koreneef	Kersen	Koerst	Korset	Kortaf	Moeshof
Koerse Schoorwal	
Kollumerland en Nieuwkruisland	
Koningin Charlotte-eilanden	
Koningin Elizabetheilanden	
Koninklijk Huis	Koninklijkst	Koninklijk	Koninklijke	Koninkrijkjes	Koninklijken	Koninklijker	Koninklijkste	Koninklijkere	Koninkrijk
Kota Radja	Koordje	Koterde	Koterij	Kotertje
Krimpen aan den IJssel	
Kuala Lumpur	Klaagmuur	Kaailoper	Klampt	Klampers	Klampte	Knaldemper	Kamper	Klamer	Kalmer	Klimmuur	Kasloper	Kalmeer	Klammer	Klapper	Kleumer	Klampen	Koplamp	Klimpark	Klompe	Kalmere	Kampeer	Klomp	Koplampen	Kooilamp	Kemper	Kolmer
Kustgebergte van Andalusië	
La Paz	Lopez	Laps	Lapzak	Lap	Paz	Lapse	Lapt	Lapel	Lapis	Lapje	Lapte	Liza	Lp	Liz	Luz	Lep	Lip
Laagland van Turan	
Laconische Golf	
Lage Tatra	Getater	Agitator	Laetare	Laetitia	Lagemaat	Tatra	Agitators	Getaterd	Leistra	Gematria	Lettre	Letitia	Agitato
Lage Zwaluwe	Zwaluwe	Gierzwaluw	Zeezwaluw	Zwaluw
Land van Herve	
Land van Waas	Landsnaam	Landnaam	Landverraad	Landvast	Landman	Landkant	Londenaar	Landgenotes	Landverlies	Landvoogdes
Landengte van Kra	
Landengte van Panama	
Laurens Janszoon Coster	
Lee Harvey Oswald	
Leidsche Rijn	Schrijn	Reliekschrijn	Scherjon	Gladscheren	Geluidschermen	Lcd-schermen	Schrijen	Diaschermen	Beeldschermen	Geluidsschermen
Lejzer Zamenhof	
Leo Belgicus	Belgicus	Logicus	Lobelia	Belgiës	Leblanc	Belgicisme	Logica	Logici	België
Leonardo da Vinci	
Lewis Carroll	Wc-rol	Leerschool	Leesbril	Scrol	Vwo-school	Lomschool
Libisch Plateau	Beschimmelt
Libische Woestijn	
Ligurische Alpen	Ligurische	Eierschelpen	Ligurisch	Oorschelpen	Gaapschelpen	Legerscharen
Ligurische Apennijnen	
Ligurische Zee	Ligurische	Ligurisch	Liparische	Logischer	Lyrischer	Logische	Lyrische	Oegrische
Linus Torvalds	Kunstenveld	Luisterlied	Starreveld	Strooiveld
Liparische Eilanden	Liparische	Leerscholen	Verschillenden	Petrischalen	Loopschoenen	Slipscholen	Laparoscopen	Eierschalen	Salarisschalen	Verschelen	Peulschillen	Sportscholen	Verschillende	Verschillen	Verschuilen	Verschuilend
Lister Diep	Westerdiep	Luisterde	Luisterden	Lasterde	Lasterden	Listeria	Luisterlied
Lodewijk Napoleon	
Lodewijk XIV	
Loe de Jong	Dejong	Moddejonge	Loding	Leiding	Lediging	Loedeman	Bloeding	Lading	Loijenga	Zedong	Bedong	Looijenga
Loon op Zand	Knoopband	Loonronde	Loonpauze	Loopneuzen	Loopeend	Loopbaan	Lopenzaad	Linzen	Opzend	Opzond	Lenzen	Lunzen	Lapland	Gonzend	Lonkend
Louis Couperus	Couperus	Coupeurs	Cuperus	Soupers	Discours	Uisnippers	Logischer	Coupeur	Lefschoppers	Sluipers	Looper	Scopes	Souper	Supers	Schoppers	Couperose	Slopers	Lossers	Sluikpers
Louis Pasteur	Los-vaste	Luister	Los-vast	Slaapster	Soapacteur	Lesrooster	Koopster	Puister	Piaster	Leesrooster	Sluismeester	Lister	Laster	Lispte	Luster	Lataster	Lotuseter	Oppasster	Lospraten	Lompste	Opstuur	Popster	Looppiste	Vleespastei	Buispost	Gepaster	Liguster	Snuister	Vuilspuiter	Mispeuter	Riposteer
Louis Paul Boon	Lissabon	Lispelen	Mispelboom	Buispalen	Lispelden	Pispalen	Pulspalen	Lesplan	Speelboom	Spaarbon	Mispelbomen	Lopulalan
Luchtmobiele Brigade	
Ludwig van Beethoven	
Lübecker Bocht	
Maarten Luther	Martelt	Marteltuig	Martinali	Martinot
Mahatma Gandhi	
Mao Zedong	Zedong	Monding	Mededing	Melding
Marco Polo	Marcelo	Marcello	Marcel	Marcella	Marcelle	Marechal
Marcus Cicero	Horecasector
Margaretha van Parma	
Maria Magdalena	Magdalena	Marginalen	Meermalen	Armageddon	Murmelen	Priemgetallen	Meetmiddelen	Mergelden	Wormmiddelen
Marilyn Monroe	
Mark Twain	Marktwaren	Marktwaar	Markten	Marketen	Marktten	Marktwezen	Merkten
Marten Toonder	Martenslinde	Smartenkind	Martinot	Dierentuindier	Maartenaren	Morgenavond	Martinikaanse	Vertonende	Morgenland	Rallentando	Doortastender
Martin Luther King Jr.	
Max Havelaar	Havelaar	Mahler	Maaghevels	Maaghevel	Xhofleer
Mazurisch Merenplateau	
Meer van Genève	Vervangende	Vervangen	Meerringen	Vervangend	Vervingen
Meer van Lugano	Meerringen	Meevliegen	Veenlagen	Vervingen	Vervlogen	Vervolgen	Berovingen	Vereveningen	Vervliegen	Eierveilingen	Verveningen
Meer van Maracaibo	
Meer van Ohrid	Gerevancheerd	Merovingers	Bernhard	Mervins	Mervin	Meeroever	Mierenhoop	Meerssenaar	Reinhard	Wervender	Ravanger	Vervener	Moraviër	Muuranker	Markanter	Marvin	Markantere
Meer van Shkodër	
Meer van Tiberias	Miereneters	Merovingers	Merkenbureaus	Markanter	Miereneter	Markantere	Vervangbare	Vervangbaar
Mein Kampf	Tienkamp	Mekenkamp	Niekamp	Denekamp	Meulenkamp	Venekamp	Meerkamp	Molenkamp	Pennekamp	Denekamps	Neekamp	Tienkamper	Molekamp	Minkema	Lankamp
Michael Jackson	
Michiel Adriaenszoon de Ruyter	
Michiel de Ruyter	Schildert	Schooldirecteur	Schuldratio	Schooldirectie
Midden-Atlantische Rug	
Midden-Siberisch Bergland	
Mikhail Gorbatsjov	
Mill en Sint Hubert	
Moeder Theresa	Moderateurs	Moderators	Moderater	Martherus	Moderaties	Moderatoren	Modeltheorie	Meertros	Modderaars
Mohammed Ali	Mohammedaan	Mohammeds	Mohammed	Mohammadi	Mohamed	Mohammad	Muhammed
Molukse Zee	Molukse	Moluks	Lukasz	Maliks	Maleks	Meleks	Melkkies	Melksaus
Mona Lisa	Manals	Monfils	Maanloos	Monorails	Manilla	Nails	Mails	Nalas	Malins	Manuels	Maleis	Malies	Malus	Monocles	Monoliet	Mals	Manilles	Maleise	Melissa	Malaise	Moelies	Manal	Melis	Molse	Nales	Nelis	Malls	Malse	Maanvis	Manlief	Monieks	Mobiles	Modulus	Manars	Mogols	Motels	Monoloog	Manasse	Molasse	Menages	Modules
Mongoolse Altaj	Mongooltje	Hengseltje	Glasaaltje	Mengpaneeltje	Mengtafeltje
Mont Blanc	Niet-blank	Niet-blanke	Minutenlang	Minuutplan	Notabelen	Manteling	Muntloon	Maandbalans	Maanblind
Mont Ventoux	Muntvoet	Magneetventiel	Mainteneetje
Mook en Middelaar	Kandelaar	Zakenmodel	Ziekenmoeder	Zakenmodellen
Moravische Poort	Moravische	Moravisch	Branieschopper	Verscheper	Marineschepen
Moslim-Kroatische Federatie	
Mount Everest	Monterst	Monteer	Montere	Monteurs	Muntvoet	Monetarist	Montevideo	Monteur	Monteiro	Monetaire
Máxima Zorreguieta	
Nabije Oosten	Naboots	Nabije	Nobelste	Nabij	Bijous	Nijsse	Bijsta	Niesjes	Nabeurs	Nobelst	Noblesse
Napoleon Bonaparte	
Nationaal Volkscongres	
Nauw van Kales	Wankele	Hawinkels	Wankel	Baanwinkels	Nawuiven	Noodwinkels	Winkel
Nederlandse Hartstichting	
Nederlandse Taalunie	
Neil Armstrong	Armstrong	Ermstrang	Remastering	Normstelling	Vermeestering
Nelson Mandela	Neusamandel
Neusiedler Meer	Neusleer	Nusselder	Niet-deelnemer	Mesoderm	Neusslijm	Nasaleer	Nasaleren
New Delhi	Delhi	Nadelig	Wendel	Noedels	Wendela	Wendell	Wendels	Wendells	Nadele	Nadelen	Bedolah	Nadelige	Wandel	Windel	Nadeel	Nadal	Nawal	Nidal	Wiendels
New Delhisch	
New Delhiër	Delhiër	Nieuwslezer	Nieuwzilver	Woudloper	Twilhaar
New York Times	Nawerkte	Nawerkten	Nawerkt
Nicolaas Beets	Nicolaas	Nicolaes	Nicolasen	Nicolettes	Nicolas	Nicolais	Nicolette	Closets	Nicols
Nienke van Hichtum	
Nieuw-Siberische Eilanden	
Nieuw-Zeelandse Alpen	Nieuw-Zeelandse	Nieuw-Zeelands
Nieuwe Pekela	Inpekel	Pekela	Nieuwbakken	Kweekel	Pekel	Wepel	Neukpaal	Nikola	Inwikkel
Nieuwerkerk aan den IJssel	
Noord-Amerikaans Bekken	
Noord-Chinees Bergland	
Noord-Duitse Laagvlakte	
Noord-Equatoriale Rug	
Noord-Friese Waddeneilanden	
Noord-Russische Rug	
Noord-Tiroler Alpen	
Noordelijk Territorium	
Noordelijke IJszee	
Noordelijke Marianen	
Noordoostelijke Doorvaart	
Noordwestelijke Doorvaart	
Noorse Bekken	Borsbeke	Borsbeek	Nierstukken	Vriesbakken	Neersteken	Kruisbekken	Neerstaken	Kruisbeuken
Noorse Zee	Noorse	Norser	Noors	Norse	Noirs	Nors	Noers	Nours	Nurse
Novum Instrumentum	
Nubische Woestijn	
Oliver Cromwell	
Onderwijsbond CNV	Onderwijsbonden
Oost-Afrikaans Hoogland	
Oost-Chinese Zee	Eustachius
Oost-Friese Waddeneilanden	
Oost-Indisch doof	Oost-Indisch	Oost-Indische
Oost-Pacifische Rug	
Oost-Siberische Zee	
Oostelijke Cordillera	
Oostelijke Grote Erg	
Oostelijke Sierra Madre	
Oostenrijkse Alpen	Oostenrijkse	Oostenrijks
Oostenrijkse Hoogvlakte	
Oranje Vrijstaat	Oranje-Vrijstaat
Osama Bin Laden	Ombinden	Samenbalden	Samenbalde	Aambeelden	Osmaanse	Omknelden	Ombind	Omblad	Armbanden
Oscar Wilde	Crawlde	Scrolde	Escadrille	Scrabbelde	Omcirkelde	Oscars	Oscar	Sacrale	Gecrawld	Scrabble
Ossip Zadkine	Opzakken	Opdoken	Opduiken	Opzoeken	Opdekken	Opdokken	Opzeiden	Assepoezen	Opdoeken
Oude IJssel	IJssel	Dessel	Dissel	Bedissel	Omwissel	Eijssen	Oudejans	Dussel	IJssla	Ijssla	Koudijs	Diesel	Odessa	Ooijse	Oliesel
Oude IJsselstreek	IJsselstreek
Oude Pekela	Oudekapelle	Oud-deken	Oud-rebel	Pekela	Inpekel	Opduikel	Oedipaal	Oedipale	Oudenaken	Pekel	Opdoeken	Goudappel	Opdekken	Opduikelt
Pablo Picasso	Public	Polemicus	Politicus	Palpaties	Bloopers	Ploppers	Prolepsis	Publieks	Blieps	Loiblpas	Belgicus	Pulppers
Pacifisch-Antarctisch Bekken	
Paul Gauguin	Plug-in	Paalgaten	Plaggen	Pluggen	Plagen	Plagden	Plaagden	Pelagiaan
Paul Verhoeven	Verhoeven	Verhieven	Pulveriseren	Verheven	Palaveren	Vierhoven	Verhevene	Voorhoeven	Paasverhalen
Paul van Ostaijen	Galvanisatie	Plantijn	Palestijn	Levantijn	Paalvaste	Ravenstijn	Paaldanste	Plantje	Plaveisteen	Planstudie	Paalvast	Planeetje	Plannetje
Pelagische Eilanden	Pelagische	Peulschillen	Peilschalen	Peulenschillen	Ploegscharen	Ploegschaven	Petrischalen	Platschieten	Politiescholen	Wegschuilen	Slagschepen	Welgeschapen
Penninisch Gebergte	
Perzische Golf	
Piet Mondriaan	Mondriaan	Spuitmonden	Postmodern	Premodern	Peetmoeders	Peetmoeder	Postmoderne	Premoderne	Patroneren
Pieter Jelles Troelstra	
Pieter Pauwel Rubens	
Pim Fortuyn	Fortuyn	Partyen	Perforatoren	Proefritten
Pink Floyd	Pinkelde	Pinkelt	Pinkel	Pinakels	Pinakel
Plakkaat van Verlatinghe	
Plateau van Lotharingen	
Pommers Merenplateau	
Pommerse Bocht	Persbericht	Perslucht	Homerisch	Moeraslucht	Porsche	Homerische	Kamerschut	Morsch	Marscha
Pontisch Gebergte	
Pontius Pilatus	Donetsplateau	Penisplant	Rotsplateaus	Ontspint	Contemplaties	Ontslaat	Ontspant	Ontslipt	Contemplatie	Ontslipte	Potspel	Ontslaapt
Pools Laagland	Polsslagen	Polsslag	Polsslagader	Volslagen	Palmslagen	Losliggend	Pulspalen	Welslagen	Peilschalen
Poort van Trajanus	
Port Louis	Portals	Sportlui	Portfolio	Portglas	Partouts	Pitloos	Porties	Porto	Portuur	Partus	Portables	Portiers	Puntloos	Sportles	Partout
Port Moresby	
Port Said	Portsaus	Porti	Protsig	Portals	Portaal	Portie	Portal	Porsius	Potas	Prots	Poorts	Porto	Poets	Protsige	Prosit	Port	Pots	Protease	Protst	Praait	Portiek	Portier	Sporttas	Parsa	Poots	Porte	Corts	Jorts	Protsen	Protser	Protste	Portee
Port Sudan	Protsen	Partussen	Protsten	Prutsen	Prutsten
Port Vila	Portal	Portaal	Portel	Portugal	Portable	Portfolio	Propvol
Port of Spain	Portofoon	Portkosten	Portokosten	Professen	Proefslapen	Prototypen	Protsen	Politiespion	Proefspelen	Protsten	Proefspel	Prothesen	Partussen
Prins Alexander	Prinsgezinde	Prinsenland	Prinsgezind	Prinsenkind	Grensland
Prins Edwardeiland	
Ray Bradbury	Bradbury
Rede van Brest	Redevoer	Revuedanseres	Divanbed	Revenberg	Deventers	Deventerse	Bedienbare	Ravenhorst	Ravanger	Veenboer	Ravenbek
Rembrandt van Rijn	
René Descartes	Descartes	Reinderts	Eindscores	Indiscreties	Rinderts	Rendeert	Indiscrete	Reindert	Rondstapte	Runderhart	Indiscreet	Eindscore	Rindert	Genadeschot	Rondste
Republiek Sacha	Parabolisch	Parabolische
Richard Leeuwenhart	
Richard M. Stallman	
Rio Grande	Oogrand	Grande	Regerende	Reagerende	Roerende	Rolronde	Rouwrand	Doorgronde	Gerande	Roterende	Grand	Migraine	Rugpand	Gronde	Regerend	Reagerend	Roerend	Lagrand	Rolrond	Bergrand	Gierende
Rio de Janeiro	Rodener	Reijnier	Rodenaar	Rodjan	Janeiro	Redeneer	Dejeuner	Rijenaar	Redenaar
Road Town	Rood-groen	Radon	Rondten	Raften	Rosten	Rotoren	Roden	Rodin	Raden	Raten	Roten	Radt	Town	Down	Raderen	Roderen	Roesten	Roosten	Rantsoen	Roeten	Ratten	Roeden	Rotten	Routen	Rokten	Rondtoeren	Ropten	Rotsen	Raadt	Roestten	Ratiné	Raadden	Rootten	Raakten	Raapten	Rodelen	Rookten	Daten	Rattan	Rodjan	Dawn	Robotten	Roddelen	Rozetten	Woordtoon	Rouwen	Redt	Roetdauw
Robert Jan	Robert-Jan	Robbert-Jan	Robert-Jans	Robbert-Jans	Bertjan
Rode Bekken	Verdebekken	Codeboeken	Rozebeke	Reebokken	Gordebeke	Oudbakken	Rebekka	Radbraken	Doorbakken
Rode Kruisauto	Doorkruist	Doorkruiste	Raderkast	Redekunst	Rodekoorts
Rode Rivier	Driver	Redevoer	Retriever	Diervoer	Roderen	Deurveer	Bederver	Driever	Doorvoer	Roder	Roadmovie	Rodrigo	Raddraaier	Reserve	Verderver	Rederij	Ruderale	Redresseer
Rode Torenpas	Torenpas	Modetrends	Radartorens	Ordetroepen	Retoren	Roderen	Rotoren	Modetrend	Rondtoeren	Retouren	Roteren	Routeren
Rode Zee	Roede	Roder	Rode	Roze	Deze	Déze	Roedel	Roeden	Roedes	Odieuze	Radeer	Rooze	Reuze	Rodeo	Renze	Roden	Rodel	Radeloze	Redeloze	Roeide	Roddel	Rede	Roode	Redzame	Rez	Reza	Roda	Rodi	Daze	Rade	Reedde
Roggel en Neer	Regelgenen	Regelende	Regelneef	Regelnummer	Regeleinde	Regelneven	Regeleinden	Regelen	Regelingen	Regelend
Romeo en Julia	Roemenië	Romeinen	Roemeens	Roemen	Romeins	Roemeen	Romein	Remolie	Romen	Romeijn	Roemenen	Roomvla	Ramona	Rommen	Anjuli	Roemeense	Riemen	Romantica	Remons	Meensel	Romanen	Remhendel	Remon	Remontoir	Romanheld	Rouwendal	Romantici	Rommendom	Rommentom	Remedial	Romandië	Rum-cola	Raemon	Remmen	Rosendal	Remenergie	Romijn	Manuela	Manja	Ramon	Ranja
Rudolf Steiner	Rolsteen	Dualisten	Duellisten	Radioluisteraar	Realisten	Idealisten	Raadgeefster
Russisch Laagland	
Ruud Lubbers	Ruilbeurs	Ruilbare	Roddelpers	Ruilbaar	Roedelopers	Redeleer	Radelozer	Redelozer	Roddelaars
Saint George's	Santegoeds	Santegoets	Saint-Pierre	Sint-Joris	Seintorens	Santbergen	Sangers	Sinters	Integere	Integers	Sinteren	Intriges	Seintoren	Sanitaire	Singer	Sinter	Sinteur
Saint John's	Sint-Jan	Sint-Joris	Saint-Denis	Sint-Joosts	Seuntjens	Sentjens	Anthons	Soentjens	Santjes	Seintorens	Seintjes	Lintjens	Wintjens	Reintjens
Saint Kitts en Nevis	
Saint Lawrencebaai	
Saint Lucia	Gianluca	Simplicia	Sintels	Sintel	Silica	Ontluis	Saint	Seinfluit	Ontluik	Singularia	Sanitair	Sanatoria	Santokhi	Santana	Santema	Sinteur	Sanitatie	Sintenie	Sinologie
Saint Luciaan	Sintelbaan	Antilliaan	Anglicaan	Sint-Jan	Santana	Stilaan	Santman
Saint Luciaans	Sint-Laureins	Sint-Nicolaas	Anglicaans	Antilliaan	Sintelbaan	Saint-Denis	Anglicaanse	Anglicaan	Sint-Jan	Santana	Stilaan	Santman	Stultiens
Saint Vincent en de Grenadines	
Saint-Pierre en Miquelon	
Salman Rushdie	Solemniseerde
Salvador Allende	Salvarsan	Slagaderwand	Flapdrollen	Salderen	Slagaderen	Sleedoren	Sidderalen	Saldeerden	Solderen	Solveren	Gelderland	Slidderen	Slodderen	Solideren
San José	Santjes	Santos	Snoes	Anjes	Sanaes	Sannes	Sans	Santes	Sonse	Sinjo	Anijs	Sinjoor	Sanaas	Sjons	Snaaks	Snobs	Snees	Snars	Sonja	Sijs	Sinas	Suijs	Sinus
San Juan	Donjuan	Sinan	Sjaan	Sonja	Sannen	Sneuen	Satijn	Snaken	Snauwen	Saanen	Snaaien	Snaren	Sinon	Sinjo
San Salvador	Aanslaander	Wensvader	Onsolidair	Mansvelder	Snelvuur	Sanseveria	Insolider	Onsolidaire	Insolieder	Sansevieria	Sensueler
San Sebastian	Sebastian	Sebastiaan	Sebastien	Sébastien
Sankt Vith	Sensitiviteit
Santiago de Compostela	
Santiago de Compostella	
Santo Domingo	Intoming	Stroming	Ontroming	Standing	Aandamming	Inademing	Stemming	Stedeling	Stremming	Ontneming	Stedelinge
Sao Tomé	Stomme	Stom	Saoto	Stoma	Stoom	Salomé	Stem	Tomé	Saté	Stomp	Stoms	Stoomt	Atoom
Sao Tomé en Principe	
Savoyse Alpen	Savoyse	Vissloepen	Vissloep
Saïdjah en Adinda	
Scandinavisch Hoogland	
Schotse Laagvlakte	
Servische Republiek	
Sierra Leone	Sieraden	Sidderalen	Spiralen	Stralen	Selene	Sealen	Serene	Meeralen	Moeralen	Serafine	Siepelen	Arealen	Seroenen	Sterolen	Realen	Seleen	Sereen	Seroen	Arlene	Seelen	Sirenen	Stielen	Salon	Strelen	Marlene	Sermoen	Verleen	Selena	Seuren	Saloon	Sarren	Sleuren
Sierra Leoner	Sierletter	Sieraden	Verlener	Sidderalen	Spiralen	Stralen	Selene	Sealen	Serene	Seroenen	Meeralen	Moeralen	Serafine	Siepelen	Uurloner	Sirenen	Sterolen
Sierra Leoons	Saloons	Sieraden	Ereloon	Sidderalen	Spiralen	Stralen	Saarloos	Salons	Saloon	Sealen	Meeralen	Moeralen	Siepelen	Veerloon	Serails	Spaarloon	Serkans	Arealen	Sterolen	Realen	Seroen	Seelen	Selena	Selenes	Sereen	Silenes	Stielen	Salon	Slons	Strelen	Marlons	Sermoen	Sirenen	Selene	Seuren	Sarren	Seleen	Serene	Sleuren
Sierra Leoonse	Saloons	Selenes	Silenes	Saarloos	Salons	Serails	Arlenes	Salines	Marlenes	Slons	Siciliaanse
Sigmund Freud	Sigmund	Sigmond	Geminderd	Geminderde	Gemeanderd	Gamander	Geamendeerd	Geëmendeerd
Simon Petrus	Simonetti	Monteurs	Sint-Pieters	Sinters	Snoepers	Monsters	Sampers	Somptueus	Sinteur	Monteur	Monter	Simpte	Sinter	Snotters	Smouter	Montere	Munters	Snaters
Simon Stevin	Monisten	Monsteren	Minsten	Samenstellen	Sponssteen	Smienten	Diminutieven	Bemonsteren	Sponsstenen	Samenstelling	Samenstel	Samenstelden	Samenstelt	Spoorstaven	Samensmeden	Samenspelen	Samenstelde
Simon Vestdijk	
Sint Anthonis	Sint-Antelinks	Sententiën	Sententies	Contanten	Sententieus	Seinlantaarns	Sententie	Stuntten
Slot Loevestein	Slotfeesten	Stalbeesten	Sleutelposten	Slotvaste	Sluitposten	Stoelvaste	Slotvast
Slovaaks Ertsgebergte	
Slowaaks Ertsgebergte	
Snelle Cris	Snellers	Sneller	Snellere	Snelpers
Snelle Körös	Snellers	Sneller	Snellere	Snelpers	Sneakers	Sniekers
Somalisch Hoogland	
Somalisch Schiereiland	
Son en Breugel	Zonnenberg	Steenbrugge	Sinusregel	Steenbergen	Danenberg	Steenberg	Sandbergen	Santbergen	Steenbergs
Spaanse Hoogvlakte	
Stede Broec	Steenboren	Steenbreek	Stiefbroer	Steekboor	Steenboor	Stembrief	Stabroek	Studeren	Studie-uren	Smeedbare	Studeerde	Stelbare	Stembreuk	Studeer	Suitedeuren	Steunberen	Studeert	Stembereik
Stille Oceaan	Stilleven	Stillezen	Stilleggen	Stiletten	Stilliggen
Stille Zuidzee	Stillegde	Stillezen	Stillegden	Stollende	Stilheid	Stellende	Stileerde	Stileerden	Stilhouden	Stilzitten	Steilheid	Studieuze	Stoelende	Stelende	Stilhoud	Stilzette	Stilzetten
Straat Bass	Staartbasis	Straatjes	Startbaan	Stratus	Start-ups	Stortbad	Startbod	Startbonus	Stortbak	Stortgas	Startbox	Starters	Strobos
Straat Cook	Straathoek	Straatactie	Startcode	Startvak	Startaccu	Stretch
Straat Davis	Startdosis	Straatdeun	Straatdeur	Startdata	Startdag	Straatniveau
Straat De Long	Staartdeling	Staartdelen	Straatdeun	Staartdelingen
Straat Denemarken	Stratenmaker	Startnummer	Startnummers
Straat Drake	Straatwerk	Straatdeur	Straatdorp	Straatdeuren
Straat Florida	Straatlied	Straatgeluid	Straatparade	Straatwaarde	Straatbeeld	Straatfiguur	Straatfiguren
Straat Formosa	Straatgras	Straatarm	Straatrumoer	Straatprijs	Straatarme	Straatraces	Straffers	Starttorens
Straat Hinlopen	Straathonden	Straattonelen	Stratenloop	Starthulp	Straathondje	Startknoppen	Straathond
Straat Hudson	Straathonden	Straatdeun	Straatmeiden	Straatdeunen	Straatdeuren	Straathoeken
Straat Joegor	Straatveger	Straathoer	Straatjeugd	Straaljager	Straatjongen	Straatje	Stratego	Straatgoot	Straatjongeren	Straatloper	Straatrover	Straatjes	Straatweg	Straatvegers	Straatdeur
Straat Karimata	Straatanimatie	Straatkreet	Straatarm	Straatkat	Straatarme	Startkaart	Strafklimaat
Straat Koerilen	Straatrellen	Straatkreten	Straatkreet	Startkaarten	Stortkarren	Startklare	Straatkabaal	Streutker
Straat Koningin Charlotte	
Straat Korea	Straatkreet	Straatkeien	Straatkat	Streutker	Strakkere	Startklare	Stortkar	Strakker	Streaker	Stortkoker	Striktere
Straat La Pérouse	Straatlopers	Straatloper	Straatmakers	Straatracers	Straatprijs	Straatparade	Straatparades
Straat Madoera	Straatmaker	Straatmakers	Straatdeur	Straatmeiden	Straatrumoer	Straatdorp	Straathoer	Straatmeid	Straatracer
Straat Magallanes	Staartmolens	Straatgelden	Straatmadelief	Straatrellen	Stratenplans	Staartmolen	Stortmolens	Straatmadelieven	Straattegels	Straatorgels	Straatgeluiden	Straatmeubilair
Straat Magellaan	Straatgelden	Straatrellen	Straatmadelieven	Straatmadelief	Straatgeld	Straattegels	Straatorgels	Straattegel	Straatorgel	Straatgeluiden	Straatgeluid	Straatmeiden	Stroomgeulen	Straattonelen
Straat Makassar	Straatmaker	Straatmakers
Straat Malakka	Straatblok	Straatkolk	Startbalk	Staartbalk	Staartvlak	Straatmuziek
Straat Mozambique	
Straat Nares	Straatgras	Straatnaam	Straatnieuws	Straaten	Straatniveau	Straattoneel	Straathoer	Starters	Straatdeur	Stratennet	Starttorens	Straatversie	Starttoren	Sterauteurs
Straat Palk	Straatkolk	Startplek	Startbalk	Staartbalk	Straatblok	Staartvlak
Straat Singapore	Straatzanger	Straatslijper	Straatstamper
Straat Soemba	Straatsma	Straatsteen	Straatarm	Straatnamen	Straatarme	Straatmeid	Straatnaam	Straatlamp	Straatnimf	Startsein	Startsets	Stroosma	Staartriem	Startset	Siertsema	Stratosfeer
Straat Soenda	Straathond	Straatbende	Straatkind	Straatwand	Startend	Startavond	Startende
Straat Torres	Straatterreur	Straatgras	Startmotors	Straatauto	Starters	Staartster	Staartveer	Straatversie	Striktere	Stromatras	Sterauteurs	Steracteurs	Stripauteurs
Straat Tsugaru	Straatfiguur	Straatzanger	Straatveger	Staartster	Stratosfeer
Straat Yucatan	Straatactie	Straatracen	Straatkatten	Straatkanten	Straatgoten	Straatracet	Straattypen	Straatsteen	Straatfeesten	Straatacties	Straatracete	Straatkreten	Straatagenten	Straatgenoten	Startpunten	Startlocatie
Straat van Bonifacio	
Straat van Corsica	Straatventers
Straat van Gibraltar	
Straat van Hormuz	
Straat van Messina	Straatnamen	Staartvinnen	Strafvonnissen
Straat van Taiwan	Straatlantaarn	Straatlantaren	Straatkanten	Straatventer	Straatagenten	Straatgenoten	Straatventers
Syrische Woestijn	
Te Deum	Te-Deums	Deum	Tadema	Teem	Temde	Bedum	Teder	Medium	Oedeem	Tedere	Taede	Treem	Ted	Tem	Team
Ten Boer	Veneboer	Tenor	Tender	Tenger	Veenboer	Tendeer	Tober	Teniet	Teneur	Tiener	Nieboer	Tobber	Tonner	Tuenter	Tengere	Tensie	Tabor	Taner	Tiber	Tibor	Steenboor	Steunbeer	Taboe	Tenue	Toner	Tuner	Tenge	Kenbare	Telbare	Tenen	Tonnaer	Teenager	Teuben	Touber	Tuncer	Tenues	Tonder
Ter Aar	Terhaar	Veraar	Leraar	Tegaar	Tartaar	Ternair	Terra	Terreur	Terriër	Treur	Traa	Raar	Tera	Terraria	Toveraar	Tataar	Terras	Tiaar	Leeraar	Cateraar	Koteraar	Tateraar	Traaf	Traag	Traan	Tsaar	Tireur
The Beatles	Theetafels	Thibaults	Thales	Thibauts	Themaatjes	Theewater	Theetafel	Theater	Theorieles	Thibault	Toebeten	Tubetjes	Theebuiltjes	Tabbetjes	Tobbetjes	Themaatje	Thematiek
The Rolling Stones	
The Valley	Toevallen	Valley	Toevallig	Haley	Toevallige	Voetvolley	Toeval	Volley	Harley	Thalen	Thales	Thelen	Thriller	Theelen	Hevelde	Hevelen	Tevelen	Toehalen	Toevloei	Toevlieg	Toevielen
Theo van Gogh	Hovingh
Theodore Roosevelt	
Thomas Alva Edison	
Thomas Jefferson	
Tibetaans Hoogland	
Tony Blair	Tongblaar	Taylor	Tyler	Tumbler	Tunnelboor	Nobeler	Nabloeier	Troebeler
Toscaanse Archipel	
Transsylvanische Alpen	Transsylvanische
Trasimeense Meer	Trasimeense	Siemensma	Tasmaanse	Erasmiaanse	Trammuseum	Siemonsma	Erasmiaans
Trinidad en Tobago	
Tsjang K'ai-Sjek	
Turks- en Caicoseilanden	
Tweede Kamerverkiezingen	
Tyrreense Zee	Tyrreense	Tyrones	Treinserie	Trens	Terrines	Torens
Ubach over Worms	
Utrechtse Heuvelrug	
Vader des Vaderlands	
Valkenburg aan de Geul	
Vallei van Fergana	
Van Acker	Vanackere	Vaneker	Boonacker	Vinker	Duncker	Vencken	Vincken	Voncken	Venneker	Honecker	Veenker	Vince	Vinck	Vinke	Vonck	Venice
Van Agt	Vangt	Vaagt	Vraagt	Vaag	Vang	Knaagt	Mangat
Van Dale	Vandaal	Vandalen	Vondel	Vendel
Van Damme	Vandamme	Vanadium	Veendam	Vandana	Vandaan	Vandaar	Indomme	Vandaag	Vandaal	Vadem	Vandoen	Verdomme	Vadim	Zaandam	Indam
Van Dyck	Dyck	Vinck	Vonck	Vendrik
Van Hecke	Vanghek	Vanher	Hecke	Vinck	Vonck	Valhek	Incheck	Vanhier	Vanghaak	Vereecke	Heck	Vencken	Vincken	Voncken	Pancake	Valhoek	Haeck	Vanackere	Venice
Van Heuven Goedhart	
Van Hoof	Vonhof	Verhoof	Vanaf	Aanhief	Vanhier	Aanhef	Honhoff	Verhoef	Vroonhof
Van de Velde	Vandevelde	Vandewiele	Vendelde	Endeveld	Vaudeville	Vandewalle
Van den Bossche	Oudenbossche	Oudenbosch
Van den Broeck	
Venetiaanse Alpen	Venetiaanse	Venetiaans	Vertinsel	Vetaanslag	Ontslapen	Onuitgeslapen
Vereenigde Oost-Indische Compagnie	
Verenigd Koninkrijk	
Verre Oosten	Verroesten	Vereisten	Verroestten	Verrasten	Verrookten	Verroomste	Veerooster	Verasten	Verlosten	Verpesten	Verroeste	Verrotten	Verrekten	Verrookte	Verbeesten
Vincent van Gogh	
Vladimir Lenin	Veldoorlogen
Vladimir Poetin	Veldritten	Veldratten	Vleesmarkten	Veldoversten	Geldmarkten	Valutamarkten	Vlooienmarkten
Vlakte van Jizreël	
Vleuten-De Meern	Vlinderen	Vlaanderen	Vestingmuren
Volksrepubliek China	
Vrouwe Justitia	Vrouwenstudie	Vrouwenstem	Vrijstaat	Vrijsta	Verwijst	Trouwstoet	Vrijstad	Vrijstaten	Vrijst	Verwoestte	Vrijstelt	Verstiet	Verweest	Vrijste	Verwenst
W.F. Hermans	Hermans	Shermans	Weijermans	Hermanns	Hermanus	Wittermans	Woutermans	Herman	Harmans	Hermann	Hermens	Weerman	Sherman	Offermanns	Heeremans	Hermannus	Herremans	Offerman	Heurman	Wehrens	Hermiens	Hermines	Herrmann	Hermen
W.G. van de Hulst	Wegwandel	Wolvengehuil	Wellevendheid
Wallis en Futuna	Walsten	Welles-nietes	Wellusten	Walnoten	Waalsteen
West Maas en Waal	Westmoessons	Westmoesson
West-Europees Bekken	West-Europees	West-Europese	Westrozebeke	Westerbeke
West-Siberisch Laagland	
Westelijk Nieuw-Guinea	
Westelijke Balkan	Strijkbalken
Westelijke Cordillera	
Westelijke Dvina	
Westelijke Grote Erg	
Westelijke Jordaanoever	
Westelijke Morava	
Westelijke Sierra Madre	
Wijk bij Duurstede	
Willem Aantjes	Willem-Jan	Willemina	Welleman	Wieleman	Willemen	Elementjes	Willemien	Wielmaat	Wilmans	Wielmaten	Oliemannetje	Wildeman	Limoentjes	Tilleman	Willemijn
Willem Barentsz	
Willem Drees	Willemars	Wildere	Wielladers	Woelders	Wilmars	Welmers	Waladres	Wiellader	Wilmar
Willem Elsschot	Holmeslicht	Wildschut	Wielvlucht	Glimlacht	Polemisch	Filmisch	Filmische
Willem Frederik Hermans	
Willem Janszoon Blaeu	
Willem V	Willem	Willems	Willemen	Willemse	Wullems	Willms
Willem de Veroveraar	
Willem de Zwijger	
Willem van Oranje	
William Shakespeare	
Wim Kan	Wieman	Weiman	Wieken	Wikken	Wirken	Waskan	Wiemen	Mikken	Wokken	Wrikken	Waken	Wamen	Weken	Wakken	Wammen	Wekken	Wemmen
Wim Kok	Wittekoek	Wilko	Miko	Bijkok	Wiskop	Witkop	Inkook	Wikke	Wijk	Wink	Omkeek	Wierook	Kok	Wim	Mok	Wik	Wok	Milko	Mirko	Winkel	Wambeek	Omkom	Mook	Wiek	Imke	Wick	Wims	Amok	Smok	Wikt	Wrok	Wilmink	Damklok	Wikkel	Witkalk	Domkop	Weglok	Wimpel	Winket	Wipkip	Witboek	Wieke	Remko	Smook	Wieks	Wienk	Wilke	Gemok	Wegkeek	Wiekt	Wikte	Imkes	Wicks	Imker	Wijkt	Mikmak	Zwemdok	Wieken	Wiekes	Wimmer	Mimiek	Wiekte	Wikken	Damkot	Simsek	Wijker	Wilken	Wilkes	Wirken	Witkam	Rampok	Waskom	Waskot	Wegkom	Welkom	Werkos	Wicket	Wijken	Wijkje	Wimber	Wipkar	Witkar
Windward Passage	
Winston Churchill	
Witte Boekje	Wittekoek	Weekboekje	Wittebol	Witboeken	Witboek	Witteke	Notaboekje	Wetboeken	Wetboek	Dieetboek
Witte Cris	Witters	Wit-Rus	Witter	Wetters	Wittere	Wiettelers	Wouters	Witmer	Wauters	Watteer
Witte Drin	Wetteren	Watteren	Wedren	Watturen
Witte Karpaten	Woudkarpaten	Oost-Karpaten	Witkarren	Karpaten	Uittrapten	Uitkapten	Waterkaarten	Witkopapen	Uittrapte	Wegtrapten
Witte Nijl	Wittebol	Witten	Dottenijs	Wettelijk	Wittenaar	Woestenij	Weijl	Witting	Wieten	Watten	Wetten	Wettelijke	Witregel	Witgeel	Witkiel	Uiteenviel	Wittoestel
Witte Volta	Witvoet	Witvliet	Attevelt	Uitvalt
Witte Zee	Wietze	Wittere	Witteke	Witter	Witz	Wietzes	Wieze	Witte	Watteer	Wittem	Witten	Wieteke	Wittige
Wolfgang Amadeus Mozart	
Wolynisch-Podolisch Plateau	
Yasser Arafat	Yassers	Yasser	Assureert	Straft	Bestraft	Gestraft	Yasar	Seraf	Sterft	Ashraf	Serf	Besterft	Assureren
Zee van Azov	Zeevang	Evenzo	Zeevonk	Zevenaar	Zevenoog	Zevens	Zeevonken	Zeven	Zevenvoud
Zee van Halmahera	
Zee van Marmara	
Zee van Ochotsk	
Zuid-Australisch Bekken	
Zuid-Chinees Bergland	
Zuid-Chinese Zee	
Zuid-Equatoriale Rug	
Zuid-Pacifisch Bekken	
Zuid-Pacifische Drempel	
Zuid-Schots Bergland	
Zuidelijke IJszee	Zuidelijkste	Zuidelijkst	Zedelijkste
Zuidelijke Karpaten	
Zuidelijke Oceaan	Zuidelijken	Zuidelijkere	Zuidelijker	Zuidelijke	Zuidelijkte	Zuidelijk
Zuidelijke Sierra Madre	
Zwarte Cris	Zwarter	Zwartkruis	Zwartere	Zwartgrijs
Zwarte Drin	Zwartbruin	Zwartdruk	Zwartleren	Zwartkoren	Zwartbruine	Zwarten	Zwarter	Zwartere	Zwarteveen
Zwarte Volta	Zwartbol	Zwartbont	Zwartepiet	Zwartbonte	Hartevelt	Zwartgevlekt	Zwart-witte	Zwarteveen	Zwartblaar	Zwartgevlekte	Zwartgelakt	Zwart-geel	Zwartepiette	Zwartgelakte	Zwaartepunt
Zwarte Woud	Zwart-wit	Zwarthoed	Zwartheid	Zwarte	Zwartere	Zwarten	Zwarter	Zwartoog	Zwaarte	Zwartte	Zwarts	Zwartje	Zwart	Zwartig	Zwartten
Zwarte Zee	Zwartere	Zwarter	Zwarte	Zwartte	Zwarten	Zwartje	Zwartige	Zwartten	Zwaarte	Zwart	Zwarts
Zweeds Terrasland	Zandstralen
Zwitserse Hoogvlakte	
de Caraïben	Caraïben	Cariben	Caraïeb	decreten	scarabeeën	Drabbe	carbon	doceren
de Falklandeilanden	Falklandeilanden	Falklandeilander	Falklandeilands
de Gaulle	Gaulle	degel	daguil	Deule	Galle	gulle	egale	Deurle	legale	regale	Dewaele	Duale	duale	Gille	daguilen	dille	Gall	deal	beagle	deutel	deuvel	Dolle	Gallo	dolle
de Here	Here	deer	beheer	Dehaene	diepere	Heere	diere	Desiree	Jehee	deler	dezer	Dahir	Dahri	derrie	gehore	Dree	Heer	heer	Herre	herre	Dee	Dre	Hee	der	her	oudeheer	Dear	Hare	Hera	Hero	deur	dier	dure	hare
de Kaap	Kaap	kaap	Dekan	bekap	dukaat	dikkop	Dap	dek	dep	kap	Dakar	doka	damp	dekt	demp	dakpan	deken	dekje	dekte	Deepak
de Kaukasus	Kaukasus	dekkers	deukjes	doeraks	Dikkes	dakjes	kakkies	dakloos	diakens
des onheils	onheils	onheil	Daniels	singels	Diesels	Sheila	diesels	desnoods	Desselse	dunheid	Sahels	Sunils	Daniela	Danieles	Schils	seniel	Daniel	Doornhein	dissels	distels	seniele	denappels	snoeisels	Daniele	Diepenheim	visangels	danshuis	zielenheil	Sahel	Snell	Sunil	shell	dunsel
ditjes en datjes	ditjes-en-datjes
gebroeders Grimm	beraadsgroep	borduurster	borduurgaren	borduursters	broodrooster	broodroosters
hertog van Alva	
het Bildt	vetblad	uitbeeldt	hoefblad	voetbalde	theeblad	uitbelde	houtbond	houtblok	uitbeeld	witbeeld
het Breezand	Breezand	herberekend	Hebreeën	heibrand	teerzand	hartbrekend	herrezen	heteroman
huis van Oranje	
huis van Oranje-Nassau	
huis van Saksen-Coburg	
in voege	invoeg	invoegde	invoegen	voege	invoegt	vege	voeg
koning Arthur	
koning Willem I	koningspalm	koningsmaal
koning Willem II	koningspalm	koningsmaal
koningin Beatrix	
koningin Juliana	koningsappelen
koningin Wilhelmina	
om 's hemelswil	
pater Damiaan	Peerdeman	pieterman	patrimonia	steradialen	persman	patrimoniaal	pro-Deaan	Peersman	pyromaan	stramien	peuterden	Erdmann	patroniemen	Preesman	Hardeman	Perelman	baardman	Perdaems	potenrammen	Perdon	pardon	piramiden	putraderen	parodieën	patrimonie	heteroman	P-trein	Pardoen	paardmens	pardoen	patroon	tredmolen	keerdammen	Putman	waterraderen	metroman	prediken	toedammen	paarden	peerden	pierden	poerden	P-treinen	apatriden
pater Eustachius	persattachés	protestacties	persattaché	pistaches	patristiek	protestactie	peterschap
praten als Brugman	
prins Bernhard	
prins Claus	Priscilla	prijsklas	Princess	prinses	princeps	prinsjes	prijsklasse	periculeus	prijsval	principes	Pascals	Prins	prins	pernicieus	Pascales	Prince	Prinse	prinsesjes	parenclub	Princen	Prinsze	prinsen	prinsje
real time	realtime	relatie	realisme	ragtime	realiter	relaties	relatieve	reality	Raalte	relativa
tale Kanaäns	talenkennis	Kanaäns	galkanaal	Lankaans	taalkennis	railkanon	telkens	blakamans	Kanaän	talismans	walkmans	taalexamens	talenkenners	galkanalen	pelikanen	Lankaanse	telekinese	oliekannen	taalmannen	telekranten	Lankaan	melkkannen	vulkanen	Balkanees	taalkenners	walkanten	talen	telekaart	toekennen	toekunnen	Keenans	tolken
zo waarlijk helpe mij God Almachtig	
