11 julifeesten	julifeesten	joelfeesten	julifeest
11 julivieringen	julivieringen	juliviering	halveringen	toeleveringen
11 septemberaanslagen	septemberaanslagen
21 julivieringen	julivieringen	juliviering	halveringen	toeleveringen
Ave Maria's	Anne-Maries	Anne-Marie	Annemaries	Overmaas	Overmars	Avegaars	Avarua	Annamaria	Amara	Amars	Annamaries	Ammars	Ovaria	Asmara	Elmars	Afmars	Annemarie	Amirs	Emirs	Ovariums	AMAR	Amar	Amri	Oeveraas	Amiri	Ammar	Emres	Oemar	Omars	Umars	Overmase
Ave Mariaatje	Anne-Marie	Emiraat	Annemarie	Admiratie	Emmertje	Avarua	Annamaria	Annamarie	Amara	Overmeire	Ovaria	Asmara	Atomaire	Emeriti	Enumeratie	Amaretto	Edammertje	AMAR	Amar	Amri	Aviateur	Armere	Ooievaartje	Amiri	Ammar	Oemar	Omrit	Almere
Ave Mariaatjes	Anne-Marie	Emmertjes	Emiraat	Annemarie	Admiratie	Emmertje	Avarua	Annamaria	Annamarie	Edammertjes	Amara	Aviateur	Ooievaartjes	Ovaria	Asmara	Atomaire	Emeriti	Amaretto
Costa Ricaanse	Castricumse	Castiliaanse	Nestoriaanse	Castricums	Castermans	Nestoriaans
Costa Ricanen	Cisternen	Cataracten	Castilianen	Cisterne	Constructen	Castricum	Contracten	Posttreinen	Catarina	Districten	Saracenen	Coterieën	Castraten	Lostornen	Bosterreinen	Posttarieven	Stearine	Struinen	Caraceen	Saraceen	Strien	Kosterijen	Positronen	Posterijen	Staren	Stromannen	Satrapen	Coltruien	Contreien	Estuarien	Starogen	Striemen	Starren	Gastarieven	Sternen	Tastorganen	Strijen	Starten	Stralen	Straten	Estuariene	Stramienen	Contramine	Coïteren	Castries	Straaten	Nastaren	Oosteren	Posteren	Posturen	Startten	Streaken	Strikken	Strippen
Eerste Kamerfracties	
Eerste Kamerleden	Eerstkomende	Eerstkomend	Gerstekorrel	Rustkamers	Rustkamer	Gerstkorrel
Guinese biggetjes	Gangetjes	Gunstigste	Gasbelletjes	Gezinsbudget	Gangetje	Gunstigst	Gasbelletje
Irish coffees	Iriscopie	Grashoff	Iriscoop	Irisscans	Irish	Elshoff	Oirschotse	Oirschots	Irisscan	Inschoof
Lodewijk XV-meubels	
Maltezer leeuwtjes	Motorlawaai
Middellandse Zeelanden	
New Yorkers	Niet-rokers	Werkers	Niet-roker	Werker	Wietrokers	Nieuwerkerks	Wrekers	Veenwerkers	Nieuwerkerk	Weerkeer	Wreker	Nawerken	Veenwerker
New Yorkse	Nurkse	Nurks	Nawerkte	Weyers	Nieuwkerke	Nawerken	Nawerk	Nawerkt	Nieuwers	Nareks
Porto Ricaanse	Pretoriaanse	Pretoriaans	Pro-Iraanse	Pro-Iraans	Armoricaans	Pretoriaan
Porto Ricanen	Pretorianen	Portierramen	Portorico	Portieren	Pretoriaan	Poorttoren	Pretoren	Portretten
Puerto Ricaanse	Pretoriaanse	Pretoriaans	Pro-Iraanse	Pretoriaan	Pro-Iraans	Pretorianen	Armoricaans
Puerto Ricanen	Pretorianen	Pretoriaan	Pretoren	Portorico
Rode Kruisposten	Radarposten	Verkeersposten	Voorkeurspositie	Rodekoorts	Radarpost	Ridderepos	Verkeerspost
Saint Luciaanse	Sint-Laureins	Anglicaanse	Anglicaans
Sri Lankaanse	Lankaanse	Lankaans	Lanakense	Stralenkrans	Srananmans	Rinkens	Silkens
Sri Lankanen	Lankanen	Salanganen	Slanken	Surfplanken	Lanaken	Railkanon	Spelonken	Railkanonnen	Lankaan	Silenen	Slenken	Slinken	Slonken	Verlinken
Temmincks strandlopers	
Tweede Kamercommissies	
Tweede Kamerfracties	
Tweede Kamerleden	Oud-Kamerleden	VVD-Kamerlid	Oud-Kamerlid
Vlaamse kermissen	Vleeskersen	Vlasakkers	Vleeskers	Volumestromen
a priori's	priori	priors	a-priorisch	priores	prior	Ariërs	aporie	ariërs	opruiers
ad remme	Adrienne	armee	daarmee	Adem	adem	arme	aderde	adoreer	Adema	Adrie	armoe	aderige	adres	uremie	ader	darm	arm	ermee	aders	adert	Adam	Adri	Aram	adam	dram	drom	drum	idem	Aardema	eredame	Erdem	oerdomme
af te zonderen	afzonderen	uitzonderen	afzonderden	attenderen	afzonderde	afzonder	afzondering
als Brugman	plasbermen	IJsbergen	ijsbergen	Kluisbergen	vleesbergen	oliestromen
au pairs	pairs	apers	uppers	Paris	après	aparts	apsis	Epirus	Pars	aars	airs	apis	pair	pars	tapirs	supers	Iepers	paars	Amars	Amirs	Autar	Umars	apart	affaires	paupers	afpers	Ammars	autaar	oppers
bals masqués	balsems	balsamiek	blaasjes	Blasius	balsamine	bladmassa	balsaminen	balsemgeur	blessures	lasmes	glasmassa	balsamico	balsem	bloesems	glasmuseum	Bussums	bosmuis	balsemt	Bussumse	bladmos	Bielsma	Boelsma
bedde in	bedden	beidden	beden	Bodden	bedien	beiden	bidden	bieden	bedding	baadden	bedde	boeiden	Boden	baden	boden	benden
black boxen	black-out	black-outs	Backx	black	Block	bleekbruin
bloody mary's	bladnummers	bladnummer	beeldmerk
bon mots	boomt	bonst	bomt	bont	Benoits	Benoîts	Bonnet	bonnet	inmets	Bents	Bonte	bents	bonte	bonkt	Bennets	boniment	baanrots	binst	bonket	bonkte	Benoist	bromt	badmuts	Benoit	Benoît	Bentes	Bantoe	Benito
bon vivants	vivants	non-events	vivant	non-event	boniment	banvonnis	benevens
bonnes bouches	bondscoaches	bionische	Bosnische	Botnische	bondscoach	bionisch	Bossche	botanische	Bosnisch	Ionische	conische	fonische	ionische	tonische
boordde af	boordde	boorde	boorden	brodde	bordes	boord	brooddeeg	broddel	brodden	broedde	boerde	boordt	borden	border	bordje	beoordeel	boerden	bordeel
bouwde herop	bluesharp	bloedgroep	buurdorp	broodheren	broodheer
braamde af	braamde	beraamde	beraamden	beraamd	bromde	bromden
bracht heruit	brachytherapie	beruchtheid	burchtheer	burchtheren	grachthuis	verachtert	beruchter	beruchtere	Drachter	brachten	erachter	brocheert	rechtheid	rechthuis
brave hendriken	
buikte uit	buikte	buikvet	bikte	bukte	blikte	briket	buitte	bulkte	bikten	buiken	buikje	bukten	Buikema	bekeurt	bikkelt	beukte	bokte	bikt	buik	buit	bukt	belikte	bakte	bekte	blikt	bulkt	gebuikte
café chantants	
cafés noirs	Casimirs	Caesars	caesars	cessionaris	cuisiniers	afsnoert	afsnoeit	censors	causeurs	cafés	afsnoeien	Casimir	cursors	afsnoep	caféhouders	Conors	Césars	caissons	casino	afsnorren	Connors	snoeiers	caféterras	censor	café-eigenaars	aansnoer	snor	camioneurs
chaises longues	Siesling	Heslinga	Hesseling	heistelling	Horseling
chefs d'équipe	chefschap
civiel ingenieurs	Bovelingen	vullingen	vloeiingen	bevallingen	bevloeiingen	casino-eigenaar
cold cases	codices	claudes	collages	closes	coldcaseteam	colonnades	collocaties	classes	collectes	coulisses	Claes	class	codes	cloches	colafles	collecties	Claase	Clares	Clarices	Cordes	collisies	collusies	collaties	rollades	doldwaas	collies	Colaris	collaps	colères	Lodes	coulisse	meldcodes	Colettes	Collaris	calèches	colleges	colonnes	cloaca	cold	Colombees
collect calls	collectiva	collecteschaal	collectes	collectrices	collectantes	collectezak	collecties	collectors	collectant	celcyclus	collectegeld	collectebus	collecteurs	collect	collectante	collecte	collectie	collecten	collector	collecteer	collecteur	collectief	collectieve
compact discs	
daarbij behorende	
danses macabres	
deemsterde weg	
dei ex machina	faxmachine	heimachine	draaimachine	gietmachine	leesmachine	veegmachine	dorsmachine	droogmachine	breimachine	koelmachine	stemmachine	hitmachine	telmachine	tikmachine
democratisch socialisten	
diste op	diste	distel	doste	dist	set-up	step	stop	dosten	duintop	duister	duster	Stoop	stoop	diascoop	duistere	Diest	duist	stoep	distaal	stoepa
docking stations	
dolle mina's	dolmans	Dolleman	dolleman	Pollemans	Willemina	dolmens	Daelmans	Demians	dollen	domina
déjà vu's	Dejans	Davis	déjà	Davies	devies	Daves	Devos	dj-duo	Java	java	Rajivs	Javase	Djuna	Dreves	Dijs	djak	Dagevos	drives	Doves	djinns	dj	Doeve	Jovi	dij	Duijts	jive	Dijk	Dijt	dijk	dijn	dijt	Doove
déjà vuutje	devote	deviatie	devotie	davit	déjà	derivatie	djati	devoot	dj-duo	Doeve	drive	jive	Djoeke	droeve	Doove	Djuna	Vijve	lijve
easy riders	Assyriër	Syriërs	Astrids	Syriër	estrades	aanraders	afraders	eskaders	snorders	reisorders	Astrid	aasdier	estrade	orders	aspireer	spaarders	Serdars	afrader	eskader	reisorder
eau de toiletteje	toiletteje	atolletje	defileetje	autostoeltje	oud-atleet	ateliertje	autootje	autoritje	epauletje	fauteuiltje	aandeeltje	delletje	dolletje	tolletje	dadeltje	euveltje	zadeltje
eaux de cologne	audiologen	epidemiologen	ideologen	ecologen	eclogen
eaux de toilette	oud-atleet	ex-patiënte	atlete	ex-patiënt	existente	atleet	adulte	aftilt	uitlootte	aardetint	adelt	ordepolitie	otoliet	uitliet	afdeelt	idolate	afdoolt	afdweilt	uitstoelt	existentie	aderlaat	idealiteit	eindtest	existent	axolotl	exaltatie	oudtante	axolotls	exactste	excitatie
enfants terribles	
ex librissen	Elbersen	Elbroes	Elberse	Albersen	Elbers
ex voto's	exoot	Evita	exit	extase	exact	exacte	expat	invites	invités
ex votootje	exoot	excitatie	inviteetje	executie	Ivette	invette	omvatte	opvatte	invitatie
fadede uit	fade-out	fadede	afdeed	fiedelt	Fedde	farde	Dede	fade	Feddes	nadeed	Fidder	beduidt	geduid	Feddema	modeduo	Fadime	beduid	faalde	façade	fideel	fidele	fiedel
fancy fairs	fanfare	fancy	kencijfers	functiejaar
fata morgana's	stemorgaan	Morgans	morgana	stemorganen	Morgan	morgens	fotoromans	foutmarges
femmes fatales	feesttafels	fosfatase	meestal	feesttafel	fosfaten
free kicks	Frericks	Fredericks	vreetkick	Freriks	Freeks	Frederick	Fricke	Frederiks	Frerichs	Freekes	Freerks	Francks	Frederieks	Fredriks	Ericks	Freek	sidekicks	Ferencs	Freeke
full houses	Florusse	floss	fellows	fallus	flukse	Fallons	Filius	Flors	floers	feilloos	Lohuis	Felius	falies	folies	feloeks	Loohuis	flops	Lahuis
gaf heruit	afhuurt	gaafheid	afhuur	Gefferie	afhoort	Gaffar	goffer	Giphart	geflirt
gas- en lichtrekeningen	
gekke henkies	henkies	gekkernij	gekrenkte	gekeken	geketende	gekeend	gekken	geketend	gekrenkt	Hennies	geklonken	gekronkel	gehannes	gekheden	gehinnik	geitenkaas
golden retrievers	
gothic novels	
granny smiths	
hare krisjna's	Krisjna	krisjna	hartruisjes	hoerensjans	herkrijg	erekruisen	hartruisje	herkrijgen
hepatitis B-injecties	
hitste aan	hitsten	hotsten	uitstaan	hitsen	hitste	kitsten
hitste op	hitste	hitsten	pitstop	hotste	hutste	hitst	hotsten	pitsstop	uitstap
hystera protera	sterreporter	stereoapparatuur
hysteron proterons	
in de luren	indelen	onduleren	indulten	indeelden	indeler	onderen	deuren	indelers	einduren	anderen	indalen	indeuken	adelaren	kandelaren	Deurne	indiceren	induceren	indologen	delen	deren	duren	luren	liederen	leuren
in stand gehouden	standgehouden	instandhoudend	standhouden	instandhouding
in- en ingemene	inningen	inentingen	ingenomen	ingemene	ingemeen	ongemene	onenigheden	ingemeten	mondgemene	ongemeen	ineengezette	anoniemere	engagement	onaangedane	ineengezet	inning
jack russells	carrousels	Kriesels	carrousel	Koersels	schuursel	kursaal	jaarkoers
joint ventures	internetters	ontvangers	puntentrui	internetter	ontvanger
juinde op	juinde	jeinde	joinde	indoop	jonde	jende	junidag
junior managers	unitmanagers	unitmanager	floormanagers	netmanagers	floormanager	watermanagers
koffies verkeerd	sms-verkeer	faxverkeer	kruisverhoor
kort gedingen	kortingen	karteringen	rotdingen	vertredingen	kortbenige	koorgezangen	vergoedingen	voortgingen	krotwoningen	kerstgezangen	kortgeleden	kerkgezangen	kernladingen	vertandingen
latin lovers	kanaaloevers	Stenvers	steenlopers	rationeler	latenter	betonvloer	rationelere	stalvoer	kanaaloever	toonlozer	lotnummers	toongevers	steenloper	uitlever	lutteler	lotnummer
mastino napoletano's	
mavo 4-leerlingen	mavoleerlingen	mbo-leerlingen	havoleerlingen	mavoleerling
maîtres d'hôtel	metrostel	motorschot
militant nationalistische	
moleculair biologen	
native speakers	centerspeakers	centerspeaker
peigerde af	peigerde	peigeren	weigerde	weigerden	poeierde	peerde	pierde	begierde	gegierde	piekerde	pardaf	peuterde	poeierden	legerde	negerde	peerden	peperde	pierden	wegerde	piekerden
pepte op	pepte	pepton	piepte	poepte	pept	piepten	poepten	papte	pieptoon	papten	piept	poept	papeten	peptide	pipet	Pepita	papt
perpetua mobilia	perpetuum	perpetueel	perpetuele	preambule	paracetamol	permeabel	permeabele	portable
perpetuum mobile's	
personal computers	
petit restaurants	toprestaurants	hotel-restaurants	carterestaurants	toprestaurant	hotel-restaurant	stamrestaurant
practical jokes	practical-jokers	practical-joker
premie A-woningen	premiewoningen	privéwoningen	prefabwoningen	portiekwoningen	premieheffingen	parterrewoningen	herenwoningen
rarae aves	rarae	arrivés	Dreves	groeves	Revers	revers	revues	reserve	rara	rare	Travis	rerelease	serves	Greve	breve	Reuver	Greeve	Herves	Jarvis	Rajivs	drives	droeve	grieve	groeve	proeve	ruraal	gerieve
rectores magnifici	
remedial teachers	modeltheorie
richtte herop	rechterheup	richter	richtiger	richters	rechteroog	rechteroor	rechter	rechteren	richtbare	rechterhoek	rechtheid	rechters	rechtover	richtbaar	burchtheer	rechteroren	richtwaarde	rechtshulp	rechterarm	rechtgeaard	rechtgeaarde
rijfde binnen	
running gags	running	Reninge	ringweg	nonnengang	reiniging
running mates	ringmaten	running	ringarts	enigmata	ringmaat	Ringma	renunciaties	ringmap	ringnet	menuanimaties	winningmood	Reningelst	redingote
salto mortale's	kalkmortels	slotformules	postmortale	steltwortels	slotkoraal	kalkmortel	slotformule
salto mortales	kalkmortels	slotformules	postmortale	steltwortels	slotkoraal	kalkmortel	slotformule
seilde ab	seilde	sealde	suilde	solde	sulde	slab	solide	solider
selffulfilling prophecy's	
short story's	sportsters	sportster	hartstoornis	Hartstra	sportstuur	sportsturen	sportsterren
slankte af	slankte	slankt	slankste	slanke	slinkt	slaakte	slanken	slanker	slankheid	slaakten	slankere	snakte	slankst	Sankt	klanktaal	slank	blanket	planket	snakten	linkte	lonkte	slaakt	slikte	slokte
slecht verlichte	luchtoverwicht	schaterlachte	schitterlicht	schaterlacht	luchtvracht
sociaal geneeskundigen	
sociaal geografen	oscillografen	sociografen	sociografie	oscillograaf	sociograaf
sociaal psychologen	schoolpsychologen	schoolpsychologe	taalpsychologie	schoolpsycholoog
stille willies	stelselloos	stilletjes	stolsels	stillevens	stillere	stijlvolle	stelsels	stieltjes	stuiflawines	Soleils	stiller	steilheid	Stille	stalletjes	stelletjes	stille	stilleggen	stilliggen	stilvallen	stilvielen	Stoeltie	satelliet	stellages	stelliger	stiksels	stilheid	staalpillen	staalwol	stijllabels	stilleg	stillen	stuwsluis	stolpfles	stippels	stellaire	stelling	stillegt	stuiflawine	staalpil
teeg aan	toegaan	meegaan	tegen	weggaan	begaan	gegaan	tegaar	teugen	toegaat
terug geweest	teruggewenst	teruggeëist	teruggezet	teruggreep	terugeist	teruggeef	teruggelegd	teruggezegd	teruggezette	teruggeven
top tienen	topstenen	topturnen	topsteen	toproeien	topten	patenen	opt-in	Tooten	tipten	toppunten	topte	toten	toptennis	pieten	tieten	toepen	toeten	toppen	typten
tot stand gekomen	totstandkoming
trad herin	trancheren	torderen	traden	tramtrein	trasseren	broodheren	traceren	triaden	gradueren	trachten	trilharen	Teheran	braadharing	tarreren	treden	braderieën	aardkern	frauderen	roderen	baardharen	putraderen	tariferen	aardperen	hardhorig	paraderen	redderen	ridderen	trukeren
truggelde af	truggelde	troggelde	troggelden	teruggeleid
uit gegeten	uitgegeten	uitgegoten	uitgebeten	uitgegeven	uitgemeten	uitgezeten
ver verwijderde	verwilderde	verwonderde	verwilderd	vaatverwijdende	vervorderde	vervoederde	verwijdde	verwonderd	vervoerwijze	verwilderden	verwilderder	vervorderd	vernederde	vertederde	vervoerwaarde
vlijtige liesjes	
voedde herop	verderop	Vedder	voeder	voederen	vodderig	vodderij	voeders	voedert	veldheren	herop	oudeheren	vodderige	verhoop	veldheer	Videler	oudeheer	verhelp	verkrop	verwerp	voorop	veders	moederaap	voucher	Veltrop	voelhoorn	volprop	veehoeder
vrij gevestigde	vrijgevestigde	vrijgevestigd
zitting hebbende	zittingen	zottigheden	zittingzalen	zettingen	zoetigheden
zond heruit	zindert	zonder	zondiger	Zundert	zinder	Zander	zander	zender	zondaar
zorg gedragen	zorgdragend	voorgedragen	zorgvragen	zorgdragende
éminences grises	
één duizendste	ondeugendste	eindigende	indiende	ondeugendst	aandiende	ongezondste	aanziende	aandoende	ondeugende	ondeugends
