's-Graveland	Graveland	graveelzand	gravend	gravende	gravel
's-Gravendeel	Gravendeel	gravende	steraandeel	gravend	strevende	Grapendaal	grievende	gronddeel	Grondel	Grundel	grondel
's-Gravenhaags	Gravenhaags	Gravenhage	gravenhuis
's-Gravenhagenaar	Gravenhagenaar
's-Gravenmoer	Gravenmoer	gravende	Graven	graven	gravend	gravinnen	grievender	garennummer	serienummer	strevende	Greven	gravin
's-Gravenzande	Gravenzande	grenzende	begrenzende	sigarenzaken	grenzend	groenzone	sigarenzaak	gravinnen	grenzen
's-Gravenzander	Gravenzander	garvenbinder	grenzende	grenzend
's-Gravenzands	Gravenzands	grenzend	grenzende
8859-1	A	B	C	D	E	F	H	I	L	M	O	P	S	T	U	V	W	X	Y	Z	a	c	d	e	f	g	h	i	j	k	l	m	n	o	p	q	r	s	t	u	v	w	x	y	z	à	Aa	Ai	Au	BA	Be	Bo	CO	De
A.D.	AD	AAD	ADA	ADE	ADI	ABD	ADS	ARD	ADV	AND	AS	AF	A	CAD	D	BAD	HAD	PAD	RAD	WAD	ED	ID	UD	AA	AI	AU	DA	AM	AB	AK	AL	AN	AX	AH	AR	AT	CD
A4	A	À	AA	AI	AU	AD	AM	AB	AK	AL	AN	AS	AX	AF	AH	AR	AT	IA	S	BA	HA	KA	LA	MA	TA	WA	DA	FA	GA	JA	NA	PA	RA
Asturisch-Cantabrisch	
Atlantisch-Indisch-Antarctisch	
Atlantisch-Indische	
Bahama's	Bahama 's	Bahama-'s	Bahama	Bahamaans	Bahamaanse	Hamas	Bahars	Braams	Hams	Bama	Bauhaus	Brahims	Bomas	Bahai	Bamis
Boheems-Moravische	
Boven-Rijnse	Bovenwijkse	Bovengrens	Bovendijks	Bovenrand	Bovenaardse	Beverense	Boeverijen	Levantijnse
Buddingh'	Buddingh	Budding	Badding	Bedding
C++	C	CO	CC	CT	CD	CG	CL	CM	CV	V	X	DC	IC	PC	WC	A	B	D	E	F	H	I	L	M	O	P	S	T	U	W	Y	Z	G	J	K	N
CO₂-emissie	CO-emissie	Commissie
Centraal-Indische	Centralistische	Centralistisch	Contrapuntische	Contrapuntisch
Centraal-Pacifisch	
Centraal-Pacifische	
Charlotte-eilanden	Charlotte-russe	Hartlanden	Coalitieland	Charlottes	Charlotte	Hartland
D.V.	DVD	DB	DC	D	V	ADV	DE	DO	DA	DI	DU	DÉ	BV	XV	CV	DJ	DL	DM	NV	OV	TV	UV
D66	D	DE	DO	DA	DI	DU	DÉ	DB	DC	DJ	DL	DM	F	S	AD	ED	ID	CD	UD	A	B	C	E	H	I	L	M	O	P	T	U	V	W	X	Y	Z	G
D66'er	Der	Deer	Dier	Dre	Dré	Dear	Deur	Dure	Dree	Diere	Dur	Dar	Dor	Dior	Door	Daar	Duur	Deira	Dra	Dee	Derk	Derf	Fer	SER	Dara	De	Dora	Eder	Oder	Ader	Duro	Er	Dei	Deo	Den	Dex	Ger	Ier	Per	Ter	Dek	Del	Dep	Des	Eer	Her	Mer	Oer	Ver
D66-lid	DNA-lid	Duld	CDA-lid	Dildo	VVD-lid	Oud-lid	Dolde	Lid	Dali	Deli	Dili	Duid	Duldde	Dalia	Delia	Dulia	Dil	Didi	Dido	Lida	Leid	Lied	Luid	Li	Di	Dl	Gild	Mild	Rild	Wild	Dei	Dio	Lia	Lie	Lio	Liu	Dia	Die	Led
E.	E	EU	EI	EG	EK	ED	EL	EB	EN	ER	ES	ET	EX	IE	W	R	BE	DE	HE	LE	ME	TE	YE	GE	JE	RE	SE	WE	ZE	A	I	O	U	À	B	C	D
F.	F	FU	FÉ	FA	FM	D	G	AF	OF	SF	A	B	C	E	H	I	L	M	O	P	S	T	U	V	W	X	Y	Z	J	K	N	Q	R
George'	George	Georgië	Georg	Georges	Georgia	Gorige	Geurige	Gierige	Georgs	Gergel	Gorgel	Greg	Grog	Gorig	Grage	Goeree	Garage	Gere	Geurig	Goeroe	Gore	Erge	Gerie
George's	George 's	George-'s	Georges	Georgs	Georgios	Georgius	George	Gorgels	Gregs	Grogs	Georg	Goerees	Garages	Goeroes	Geries
Graft-De	Grafrede	Garfde	Graft	Grifte	Grofte	Gerafelde	Graftak	Garft	Graaft	Grafiet	Griefde	Groefde	Grift
H.M.	HAM	HEM	HOM	HUM	HRM	HTM	H	M	OHM	HA	HE	HO	HU	HÈ	HÉ	MM	AM	FM	HZ	CM	DM	HG	HL	HR	KM	NM	OM	SM
Indisch-Antarctisch	
J.R.R.	JUREER	JARRE	JERRE	JORRE	JURRE	JERRY	JURE	JORT	JUR	JOERI	JURRIE	JARRES	JERREL	JERRES	JORRES	JORRIT	JURRES	JAIR	JARA	JARI	JARO	JAÏR	JIRI	JOOR	JORI	JURI	JAAR	JOUR	JURA	RARA	RARE	RORO	JORD	JORG	JORN	JURG	JURS	JURK	JURY	JOORE	ROER	ROOR	RAAR	ROJER	RIJER
Jacques-Yves	Jacques
John's	John 's	John-'s	Johns	Jhons	Johans	Johanns	John	Jons	Joans	Johny	Jorns
Jr.	Jur	Hr	Je	J	R	IR	Ji	Jo	Ju	Ar	Er	Ja	Or	Pr
K'ai-Sjek	Kasje	Kaaijk	Kaasje	Kisjes	Kasjes	Kaasjes	Kaseko	Kusje	Kadijk	Sjek	Kijk	Koosje	Kousje	Kusjes	Kuijk	Kajak	Keesje	Kisjon
L.B.	LUB	LAB	LBO	LEB	LOB	KB	B	L	LA	LE	LI	LO	LU	AB	GB	LY	MB	NB	TB	DB	EB	LP	UB
M.	M	MA	ME	MO	MI	MM	MU	MB	MW	MX	MG	ML	MP	MS	N	AM	FM	CM	DM	KM	NM	OM	SM	A	B	C	D	E	F	H	I	L	O	P	S	T	U	V	W	X	Y
M.G.	MG	MEG	MIG	MAG	MUG	NG	M	G	MA	ME	MO	MI	MM	MU	BG	EG	MB	MW	MX	CG	HG	KG	ML	MP	MS	PG
Matâ'utu	Matai	Matti	Matty	Statu	Matt	Mata	Tutu	Matte	Maatlat	Matts	Mathieu	Motet	Stuut	Matigt	Maputo	Mattia	Mattie	Mazout	Mattis	Tuut	Mats	Mastte	Matelot	Stut	Mat	Matteo	Mantua	Mattes	Matten	Matter	Mate	Maté	Teut	Tout	Matz	Minuut	Mateo	Mette	Mitte	Meute	Motte	Motto	Teute
Midden-Atlantische	
Midden-Siberisch	
Mont-Saint-Michel	
Moslim-Kroatische	
N.B.	NB	NAB	NEB	NSB	MB	NV	B	N	NA	NO	NU	AB	GB	KB	NK	NS	NG	TB	DB	EB	NM	UB
N.H.	NG	BH	H	N	NA	NO	NU	NB	NK	NS	AH	NM	NV	OH	PH
N.N.	NAN	NON	NB	NM	ANN	N	NA	NO	NU	AN	NK	NS	NG	VN	EN	IN	NV	ON
N.O.	NO	NEO	NOA	NOË	NOU	NOS	NOT	NGO	NOL	NOG	NOK	NOM	NON	NOP	NOR	N	BO	MO	ENO	INO	O	SNO	TNO	KNO	LNO	NA	NU	NB	NK	NS	NG	NM	NV	ON	CO	DO	GO	HO	IO	JO	KO	LO	PO	SO
N.V.	NV	BV	NB	CNV	FNV	V	N	VN	NA	NO	NU	NK	NS	NG	XV	CV	NM	OV	TV	UV
N.W.	NEW	NAW	BW	MW	ANW	W	N	WW	NA	NO	NU	NB	NK	NS	NG	KW	NM	NV	UW
Ned.	End	Bed	Nerd	Nes	Ed	Nel	Neo	New	Ted	Eed	Led	Neb	Nee	Neg	Nek	Nep	Net	Nez	Red	Wed	Nijd
Nieuw-Siberische	Siberische	Siberisch
Noord-Amerikaans	Noord-Afrikaans	Noord-Afrikaanse	Noord-Afrikaan	Pro-Amerikaans	Veramerikaans
Noord-Chinees	Boormachines	Noord-Ieren	Boormachine	Noordhuis	Broodmachines	Noordgrens	Nordins	Nordrhein	Noordhoek	Rooimachines	Nourdins	Noureddines	Voorschans	Noordanus	Marchiens	Nordin	Nourdin	Noureddine
Noord-Duitse	Pro-Duitse	Noordhuis	Pro-Duits	Noordkust	Neder-Duitser	Noordster	Noordoost	Noordoosten	Noordooster	Noureddines	Dordtse	Nordins	Nourdins	Verduits
Noord-Equatoriale	Aardstraal
Noord-Friese	Noord-Afrika	Noord-Ieren	Oudfriese	Noordgrens	Noodadres	Noord-Afrikaanse	Oudfries	Noordhuis	Hoorderes	Noorder	Broderies	Noordoever	Nordins	Nourdins
Noord-Russische	Pro-Russische	Pro-Russisch
Noord-Tiroler	Noord-Ier	Noord-Ieren	Noord-Europa	Noorder	Noordpool	Moordtoneel	Noorderbuur	Noordgevel	Neutraler	Nacontrole	Rondtoer	Verstraler	Noordbrug
Nuku'alofa	Nikola	Nikolaos	Kalf	Kalff	Nikolai	Niklaas	Niklas	Nikolaj	Klaaf	Nikolais	Kalief	Nikolaas	Kolf	Neuklat	Klif	Kloef	Kloof	Kolff	Naleef	Klef	Nikkel	Koekalf	Reekalf
O.L.V.	OLAV	OLIVIA	ALVA	ELVE	OLAVS	OV	LEV	LIV	VOLVO	XLV	OLD	OLM	OELE	OLLE	OLIE	OLAF	OLDE	OLEG	OLEN	OLGA	OLIJ	OLOF	XLIV	XLVI	OLIM	AOV	ILE	AL	EL	UV	ALI	ELA	ELI	ULI	ULU	ALL	ULO
Oost-Afrikaans	Oost-Germaans	Inter-Afrikaans	Oost-Germaanse	Inter-Afrikaanse	Afrikaan	Astrakan	Oostflank	Oostfront	Oostgrens	Estriken	Oosterman
Oost-Chinese	Oogstmachines	Postiches	Oost-Romeinse	IJsmachines	Ijsmachines	Testmachines	Schuinse	Oostgrens	Oost-Ghats	Schins	Eustachius	Oosterhoutse	Postcheques	Schuins	Astense	Asthenie	Schans
Oost-Friese	Postfris	Oosterse	Oosters	Oostakkerse	Uitfrees	Oestrus
Oost-Pacifische	
Oost-Siberische	Esoterische	Esoterisch	Asturisch
OpenOffice.org	Opperofficier	Opperofficieren	Unificeer	Unificeert	Ipenburg	Unificeren
Pacifisch-Antarctisch	
PvdD'er	PvdD 'er	PvdD-'er	Vedder	PvdD	Vader	Veder	Vodde	Poeder	Pander	Polder	Ponder	Porder	Pover	Voeder	Poverder	Pudeur	Pandde	PvdA	Pede	Vide	PvdV	Pagadder	Paddo	Padie	Video
PvdV'er	PvdV 'er	PvdV-'er	PvdV	PvdA	PvdD
R.I.P.	RIP	RIEP	ROP	ROEP	REP	RAP	RIJP	RIPS	RIPT	RAAP	RAPÉ	REEP	RIO	TIP	GRIP	KRIP	TRIP	IP	RIA	RIE	JIP	PIP	RIN	RIK	RIM	SIP	YIP	DIP	HIP	KIP	LIP	NIP	RIB	RIF	RIJ	RIL	RIS	RIT	VIP	WIP	ZIP
SGP'er	SGP 'er	SGP-'er	Sper	Speer	Spier	Super	Gaper	Sipper	Seger	Spee	Gapper	Speur	SGP	Spe	Spore	Spiere	Souper	Signer	Slaper	Sleper	Sloper	Spar	Spie	Sappeur	Soupeer	Sprei	Seppe	Soppe	Sappe	Sippe	Spaar	Spoor	Seeger	Sieger	Sage	SP	Sagar	Soep	Sep	Sip	Spa	Sap	Sop	Spog	Sepp	Siep	Snep	Step
SP'er	SP 'er	SP-'er	Sper	Speer	Spier	Speur	Super	Spore	Spiere	Sipper	Spar	Sprei	Spaar	Spoor	Souper	Soer	Spee	Spert	Aper	Spet	Per	SER	Spe	Asper	Sier	Eper	STER	Spek	Spel	Ster
Saksen-Coburg	
Sint-Job-in-'t-Goor	
Sint-Vincent	Ontvingen	Santinnen	Ontveinzen	Ontvonken	Ontvangen	Stevenen	Stevenden	Snotjongen	Sentimenten
Soenda-eilanden	Sandalen	Benadelen	Snaaiden	Snoeiden	Sonderen	Mendelen	Vendelen	Monddelen	Nadelen	Indalen	Indelen	Seinpalen	Standalone	Onduline	Snellen	Sneukelen	Sneuvelen
St.-Eustatius	Sint-Eustatius	Sterstatus	Attestaties	Attestatie
St.-Maarten	Staarten	Stamkaarten	Stemkaarten	Smarten	Starten	Straaten	Straten	Smartten	Startten	Staart	Storten
Stct.	Stet	Stat	Stut	Tact	State	Statu	Stacy	Stuc	Stout	Stuut	Staat	Stiet	Stoet	Stoot	Stuit	Stach	Stigt	Stalt	Start	Stekt	Stelt	Stick	Stift	Stikt	Stilt	Stock	Stoft	Stokt	Stolt	Stopt	Stort	Strot	Stuft	Stunt	Stuwt
Turks-	Turks	Turkse	Tareks	Tariks	Turk	Taroks	Urks	Turksma	Durks	Hurks	Urkse	Nurks	Turkt	Trekos	Tuurs	Tours	Turkoois	Truis	Truus	Trucs	Taurus	Taks	Tors	Tras	Tres	Tros	Sterks
UTF-8	UTF	TUF	UT	UFO	UEFA	IT	TAF	TOF	UIT	AFT	STUF	OUT	OT	AF	AT	ET	OF	AUTO
Vleuten-De	Vlietende	Vleutense	Vlottende	Vleiende	Vleuten	Vretende	Vlottend
W.	W	WA	WW	WU	WE	WK	WC	E	Q	BW	MW	KW	UW	A	B	C	D	F	H	I	L	M	O	P	S	T	U	V	X	Y	Z	G	J	K	N	R
W.F.	WAF	F	W	WA	WW	WU	WE	WK	AF	OF	SF	WC
W.G.	WEG	WIG	EG	W	G	WA	WW	WU	WE	BG	NG	WK	CG	HG	KG	MG	PG	WC
West-Siberisch	
Wolynisch-Podolisch	
Z.H.	ZHU	H	Z	HZ	ZI	ZE	ZO	AH	BH	OH	PH
Z.K.H.	KHO	ZHU	ZAK	ZAKI	ZAKE	SIKH	ZAKT	ZICH	ZHAO	ZHOU	ZAAK	ZEEK	ZEIK	ZIEK	ZOEK	ZIEKE
Zuid-Australisch	Diastolisch	Diastolische
Zuid-Chinees	Zaaimachines	Zaaimachine	Audiciens	Zuidgrens	Zuidhoek	Heimachines	Zuidhorn	Zichen	Zuid-Polen	Oud-chef	Audicien	Diacones	Schins	Juichen	Zuidhof	Zichem	Zadkine	Zichtte	Zuchtte	Marchiens	Zuidlaren	Zuidpolen	Teach-ins
Zuid-Chinese	Zaaimachines	Zuidgrens	Heimachines	Schuinse	Zaaimachine	Schins	Marchiens	Annechiens	Teach-ins
Zuid-Equatoriale	Videomateriaal	Editoriaal	Diametrale	Zonnestraal	Diametraal	Zaadkorrel
Zuid-Pacifisch	
Zuid-Pacifische	
Zuid-Schots	Zuidschote	Ruimschoots	Zedenschets	IJsschots	Ijsschots	Schots	Zuipschuit	Zandschuit	Eindschot	Misschot	Ruimschootse	Schotse	Bikschote	Schot	Schats	Schuts	Schets
a.s.	As	as	aas	aso	aïs	ABS	Ads	Als	Ans	ahs	aks	als	ams	ars	ast	Aa	AD	Ad	ad	x-as	y-as	A	Bas	Cas	Kas	Mas	Nas	S	a	bas	das	gas	jas	kas	las	nas	pas	ras	s	sas	tas	was	US	es	is	os	Ai	Au	ai	au
blauw-wit	blauwwit	blauwwier	blauwst	blauwer	Blauwe	blauwe	blauw	blauwste
d'Arc	Darcy	dar	Dara	Dear	daar	Marc	dark	darm	dart	marc	dra	farce	Arco	Dora	dc	Draw	brac	drab	draf	drag	dram	dras	draw	Daria	Dario	Derck	Daris	Darja	Darko	Harco	Marco	dance	darde	Dre	Dré	Duc	Dur	der	dor	NRC	dry	dure	duro
e.a.	eau	EGA	EVA	Ela	Era	Eva	Ewa	era	eva	A	E	a	e	es	WA	ra	Bea	Gea	Kea	Lea	Mea	Tea	mea	tea	Aa	EU	ei	ia	EG	EK	Ed	El	eb	eg	el	en	er	et	ex	BA	Ha	Ka	La	MA	Ma	Ta	ba	da	fa	ga
e.v.	EVA	Eva	Eve	Evi	eva	Evy	eb	E	Lev	V	e	v	ov	uv	EU	ei	BV	EG	EK	Ed	El	XV	bv	cv	eg	el	en	er	es	et	ex	nv	tv
fr.	Fre	Fré	Fer	Fé	F	f	r	FM	Fu	IR	ar	er	fa	hr	or	pr
i.e.	ie	Ier	Ike	Ile	Ine	Ise	Ite	iel	iep	iet	E	I	e	i	IR	Fie	Hie	Jie	Lie	Rie	SIE	Sie	Xie	bie	die	mie	nie	wie	zie	II	Io	ei	ia	ID	IJ	IP	IQ	IT	IX	Iz	ic	id	ij	ik	in	is	Be	De	He	Le
km/h	km	kWh	kmo
km/u	km	mu	kmo	Amu	EMU	keu	kou
mp3	mp	map	mep	mop	Mo	mo	M	P	m	p	IP	MA	MB	ME	MW	MX	Ma	Mb	SP	lp	mA	mW	ma	me	mg	mi	ml	mm	ms	mu	mw	op	up	vp
o.l.v.	Olav	Olivia	Alva	Elve	Olavs	ov	Lev	Liv	Volvo	XLV	old	olm	Oele	Olle	olie	Olaf	Olde	Oleg	Olen	Olga	Olij	Olof	XLIV	XLVI	olim	AOV	Ile	Al	El	al	el	uv	Ali	Ela	Eli	Uli	Ulu	all	ulo
p.p.	Pip	pap	pep	pip	pop	pup	PHP	PPS	ppm	Po	po	op	P	p	pa	pi	IP	PS	SP	lp	mp	pH	pc	pg	pk	pr	up	vp
s.j.	dj	S	j	s	SU	Si	So	Su	sa	se	si	IJ	SP	ij	kJ	sf	sm	vj
sr.	Sri	SRD	SER	sar	ar	se	S	r	s	IR	SP	SU	Si	So	Su	er	hr	or	pr	sa	sf	si	sm
v.Chr.	voucher	Vecht	Vucht	vacht	vecht	vocht	Vichte	Schra	Cher	Chiro	schar	schor	Schore	Schraa	Victor	schare	schrei	vector	schaar	scheer	scheur	schier	schoor	schuur
