's anderendaags	anderendaags	anderdaags	anderdaagse	scanderend	scanderende	sanerend	sanerende
's avonds	avonds	lesavond	visavond	stands	savonet	tossavond	sounds	secondes	vond	second	Svens	saven	sonde	stand	stond	Savanna	Savannes	savannes	Sallands	Savonije	seconde	savede	vanouds	Soenda	bevond	savant	sponde	stonde	sound	vind	Savanne	savanne	synodes	snode	Sandee	Sven
's middags	middags	middag	namiddag	skidag	smijdig	meidag	smidse	smijdige	smid	stemdag	Smidt	siamangs	smedig	Smedes	Smeding	smedige
's nachts	nachts	sachets	Sanches	slacht	Schats	Schots	Schuts	sachet	schets	schots	Sancho
's ochtends	ochtends	ochtend	smachtend	dichtend	Schotens	smachtende	dichtende	schend	Schotense	Schoten	scheten	schoten	Schoutens	schattend	schietend	schietende	schoendoos	schond
't is dief en diefjesmaat	
1 aprilgek	aprilgek	aprilse	aprillen	April	april	aprilgrap	Aprils	aprils	aprilweer
1 aprilgrap	aprilgrap	eenaprilgrap	aprilgrappen
1 aprilmop	aprilmop	aprilmoppen	April	april	Aprils	aprils	aprilgrap	aprilvis	aprilse	plomp	aprillen	aprilgek	aplomb	opril
11 julifeest	julifeest	joelfeest	julifeesten	Juliets	Juliet	Juliens
11 juliviering	juliviering	julivieringen	halvering	zeilvoering	toelevering	Jalving	Olivieira	Olivier
21 juliviering	juliviering	julivieringen	halvering	zeilvoering	toelevering	Jalving	Olivieira	Olivier
24 uursdienst	uursdienst	uurdienst	persdienst	busdienst	eredienst
24 uurseconomie	uurseconomie	beurseconomie	drugseconomie	ruileconomie	agro-economie
24 uursservice	uursservice	thuisservice	retourservice	e-mailservice	nummerservice	fotoservice	mailservice	taxiservice	roomservice	haalservice	reserve
5 meiherdenking	meiherdenking	herdenking	herdenk	herdenkingen	Meerding	Meerdink	Meerdonk	herdenken	meerden	mierden	mieterden	herdenkt
5 meiviering	meiviering	misviering	Meijering	remvoering	motivering	Oevering	matvoering	meevieren
8 uurjournaal	uurjournaal	zesuurjournaal	tv-journaal	zeejournaal	modejournaal	NOS-journaal
Al Qaida	Alida	Aleida	Albada	Liquida	Almeida	Alijda	Alinda	Aleid	Albeda	Allard
American football	Omrekentabel
Ardenner ham	Ardenner	Urennorm	Ordonneren	Ordners	Ordner	Ordineren	Ordonneert	Ordonneerde	Ordineerde
Ardense hesp	Kruidenshampoo
Bosnië en Herzegovina	Bosnië-Herzegovina
Botnische Golf	Buitenschool	Buitenschools	Buitenscholen	Buitenschoolse
Bovenwindse Eilanden	Bovenwindse	Bovenwinden	Bovenwinds	Beenwindsels	Beenwindsel
Britse Eilanden	Rotseiland	Ritselende	Ritselend	Bretellen
Canarische Eilanden	Canarische	Naaischolen	Canarisch	Aanschellen	Salarisschalen	Verschillenden	Nascholen	Cao-schalen
Champions League	
Champions Leaguewedstrijd	
Christian Science	Christen-sociale	Christen-sociaal
Costa Rica	Constancia	Statica	Catarina	Coster	Cola-tic	Satirici	Castricum	Castries	Cosmetica	Geostatica	Curatrice	Custard	Coasters	Construct	Castro	Costa	Coaster	Castratie	Estuaria	Carice	Strick	Mostar	Castraat	Cataract	Constance	Bestiaria	Cafetaria	Cascara	Coterie	Clarice	Contract	Contrair
Costa Ricaan	Castricum	Catarina	CAT-scan	Constructen	Castraten	Castraat	Cisternen	Caterina	Cataracten	Districten	Cisterne	Cataract	Coterieën	Castricums	Kosterman	Mosterman	Oosterman	Construct	Castreren	Posttarieven	Stroman	Astrakan	Contracten	Coster	Strien	Kosterijen	Posterijen	Staren	Tastorgaan	Strick	Contract	Castermans	Castries	Coltruien	Contreien	Estuarien	Estuariën	Posttrein	Starogen	Starren	Gastarieven	Strijen	Strimon	Custard	Starten	Caraceen	Saraceen	Coïteren	Nastaren	Oosteren	Posteren	Posturen	Startten	Striemen	Strikken	Strippen
Costa Ricaans	Castricums	Castermans	Nestoriaans	Castricumse	Castricum	Starmans	Storimans	Castiliaanse	Nestoriaanse
Den Bosch	Dorenbosch	Oudenbosch	Doornbosch	Oudenbossche	Doornbusch
Den Haag	Doornhaag	Deng	Dunharig	Dehing	Donga	Dunharige	Dinh	Danig
Dode Zeerollen	Moederrollen	Zeerollen	Deegrollen	Doorrollen
Dolle Mina	Dolleman	Delleman	Doeleman	Willemina	Doelman	Dolman	Dieleman	Dillema	Daleman	Dollen	Domina	Bolleman	Holleman	Molleman	Rolleman	Dellemijn
Don Juan	Donjuan	Donjuans	Donjon	Donja
Don Quichot	Donquichot	Donquichots
Downing Street	Ineengestorte	Ineengestort	Domeinregistratie
Eerste Kamerfractie	
Eerste Kamerlid	Eerstkomend	Eerstkomende	Gerstekorrel	Rustkamers	Rustkamer	Gerstkorrel
Eerste Kamervoorzitter	
El Salvador	Alvader	Aslander	Alessandro	Halsslagader	Olsder	Onsolidair	IJslander	Ijslander	Absolveer	Insolider	Insolieder
Frans Jozefland	
Golf van Biskaje	
Guinees biggetje	Gunstigste	Gezinsbudget	Gangetje	Geneesbare	Geneugte	Gunstigst	Geneste	Gresnigt	Gasbelletje
Hof van Cassatie	
Hoge Raad	Hoogenraad	Hbo-raad	Hoekgraad	Dageraad	Heemraad	Geraaid	Hogers	Wiegeraad	Graad	Hoera	Hoger	Gegraaid	Hogere	Hoogrood	Bogerd	Howard	Booggraad	Hogerop	Gerda	Grada	Geard	Holger	Geaard	Hoerde	Honger	Hoogrode	Gehard	Gera	Hera	Hoge	Hagada	Hoer	Hora	Gehaard	Hongaar	Hager	Heger	Gered	Graai	Hoeri	Hoerig
Iberisch Schiereiland	
Indian summer	Indiaanser	Indiaanse	Indiaansen	Indiaans
Irish coffee	Iriscopie	Grashoff	Iriscoop	Irish	Elshoff	Irisscan	Inschoof
Jan Klaassen	Janklaassen	Janklaassens	Pianoklassen	Loonklassen	Loonklasse
Jut en Jul	Juten	Jutten	Juveniel	Zutendaal	Stencil	Jetten	Jatten	Banjul	Tengel	Tunnel	Juveniele	Tuijl	Stengel
Keti Koti	Etiket	Getikt	Getikte	Krikt	Tikt	Getokt	Getukt	Kerkte	Krikte	Kwikte	Kikte	Tikte	Klikt	Stikt	Ketent	Ketste	Klikte	Stikte	Getkate	Kettert
Klein Duimpje	Kleinduimpje	Kleinduimpjes
Kol Nidrei	Kolenader	Klunder	Kalander	Kalender	Koloniseer	Kolenaders	Kolder	Kloonde	Klandizie	Kalanderij	Koelende	Klundert	Kleinere	Kloneerde	Klieder	Klodder	Vlinder	Vlonder	Koolader
Land van Kokanje	
Lodewijk XV-meubel	
Magere Hein	Magerheid	Nagereden	Meegereden	Meegroeien	Migreren	Geregen	Magere	Marchien	Meerheid	Nageroepen	Ageerden	Maureen	Marchen	Gereden	Gereken	Gereten	Gereven	Magerte	Omgereden	Mierenei	Meereden	Meereken	Magneten
Maltezer kruis	Plaatwerkers	Voltrekkers	Mailverkeer	Maltraiteer	Plaatwerker	Valutaverkeer	Moltmaker
Maltezer leeuwtje	Motorlawaai
Middellandse Zee	Middellandse	Middellands
Middellandse Zeegebied	
Middellandse Zeekust	Middellandse	Middellands	Modelonderzoek
Middellandse Zeeland	
Mont Blancbeklimming	
Nauw van Calais	Provençaals	Nawuiven	Provençaalse	Provinciaals	Provençaal	Provinciaalse	Provinciaal	Provinciale
Nederlandse Antillen	
New York	Network	Nawerk	York	Netwerk	Nieuwkerk	Bewerk	Werk	Wrok	Nurk	Inwerk	Nawoord	Zwerk
New Yorker	Niet-roker	Yorker	Werker	Network	Nieuwkerke	Nieuwkerk	Nawerk	Nieuwerkerk	Weerkeer	Wreker	Nawerken	York	Veenwerker	Netwerk	Nijkerker
New Yorks	Network	Nawerk	Nurks	Weyers	York	Netwerk	Nieuwkerk	Bewerk	Nieuwkerke	Nawoord	Nurkse	Wrok	Inwerk	Nawerkt	Nieuwers	Zwerk	Nareks
Nova Zembla	Zembla	November
Porto Ricaan	Pretoriaan	Portorico	Pretorianen	Portieren	Porteren	Porturen	Proteron	Poorttoren	Pretoren	Portretten
Porto Ricaans	Pretoriaans	Pretoriaanse	Pretoriaan	Portorico
Porto Rico	Portorico	Pretoria	Portier	Retorica	Patric	Portière	Pretorium	Patrice	Portuur	Portret	Pretor	Proteron	Patricia	Porteren	Porturen	Poorter	Pretors	Protera	Spoortracé	Rapportrice
Puerto Ricaan	Pretoriaan	Pretorianen	Portorico	Pretoren
Puerto Ricaans	Pretoriaans	Pretoriaanse	Pretoriaan
Puerto Rico	Portorico	Pretoria	Retorica	Pretorium	Pretor	Pretors	Patric
Queen Annestijl	Annestijl	Dansstijl	Neostijl	Nouveaustijl	Woonstijl
Rode Duivelswedstrijd	Duivelswedstrijd
Rode Kruispost	Ordekruis	Ordekruisen	Ridderkruis	Roderiks	Doorkruist	Rodekoorts	Radarpost	Redekunst	Ridderspoor	Raderkast	Ridderepos	Verkeerspost	Doorkruiste	Doorkruip	Doorkruis
Rosj Hasjana	Tsjetsjeen	Tsjetsjenië
San Andreasbreuk	Andreasbreuk
San Marinees	Sandrines	Sandrine	Samaren	Sandrina	Snaren
San Marino	Samaren	Sandrina	Sandrine	Snaren
Schotse Hooglanden	Schaatslanden	Schutsengelen	Schuthoogten	Schutsheiligen	Schietscholen	Schootshoeken
Simchat Thora	Schutsheer	Selectietheorie
Sri Krisjna	Krisjna	Sierkersen	Stokerijen	Skireisje	Erekruisen	Draaikruisen	Spokerijen
Sri Lanka	Slank	Slanke	Sarink	Vrielink	Sierplank	Rolink	Slenk	Slink	Slonk	Sierink	Slurink	Spelonk
Sri Lankaan	Lankaan	Slanken	Salangaan	Slenken	Slinken	Slonken
Sri Lankaans	Lankaans	Lankaanse	Lankaan	Salangaan	Stralenkrans	Srananmans	Rinkens	Silkens	Slanken
Stille Oceaangebied	Stiltegebied	Stammengebied	Stollingen	Stillegging	Stallingen	Stellingen	Staljongen
Sturm und Drang	
Temmincks strandloper	
Tour de France	Fort-de-France	Torderen	Trufferen	Tariferen	Tarifering
Tweede Kamer	Tweedekker	Weerkamer	Tweedeklasser	Tweedekkers	Weegkamer	Kleedkamer	Werkkamer	Tweedeklas	Bodekamer
Tweede Kamercommissie	
Tweede Kamerfractie	
Tweede Kamergebouw	
Tweede Kamerlid	VVD-Kamerlid	Oud-Kamerlid
Tweede Kamerlidmaatschap	
Tweede Kamervoorzitter	
Vlaamse kermis	Vlasakkers	Vleeskers	Vlasakker	Velomakers	Velomaker	Klemskerke
Witte Huiswoordvoerder	
Zaanse klok	Paasklok	Aanklik	Gangklok	Inslok	Mansvolk	Buisklok	Aronskelk	Zonneklep	Zonnevlek
Zwarte Zeevloot	Zwart-geel	Zwartgevlekt	Zwarteveen	Zwartgevlekte
a capella	capella	Capelle	Capello	Capel
a fortiori	fortiori	autoritair	afroeit	oratoria	oratorio	afrit	afrot	afrotte	afrits	arterie	afritten	afrotten	apporteer	afstuur	frituur	apertuur	afrader	afwater	aparter	apartere
a posteriori	posteriori	apostrof	opstroop	opsteker	oppositierol	opstreek	opsteller	opstuur	opstart	opsturen	opstuurt	opstoker
a prima vista	arrivist	aprilvis	alarmist	trimvest	aprilvissen	armst	armste	apartst	aardvast	apartste	opgevist	aardvaste
a priori	priori	prior	aporie	oproer	oproei	ariër	opruier	April	april	Aurora	aurora	prairie	oproerig	parure	paruur	pareer
a vista	vista	Ista	avis	vist	Evita	aviso	viste	afsta	alvast	Aristo	aansta	Usta	viest	vuist	insta	ast	avalist	vieste	visite	aast	aves	eist	vast	vest	vaste
aan den lijve	aandoenlijke	aandoenlijk	aandoenlijker	aanzienlijke	ondoenlijke	aandoenlijks	doenlijke	ondoenlijk	mannelijke	onaandoenlijke
aan weerszijden	adreszijde	onweersbuien	onweersbui	Anwars
aanw. vnw.	aanwend	aanwent	aanwint	aanwende	aanvang	aanving	aanwoei	aanwaai
abortus provocatus	
accent aigu	accentuatie	accent	contigu	accenten	accentje	Antigua	contigue	accentueer	achtig	achtige
accent circonflexe	
accent grave	accentueren	accentueerde	accentueer	ontgraven	accentueert	integrale	oceanografie	ontgraaf	ontgraat
acid house	cd-hoes	cd-hoesje	adhesie	Michous	Oudhuis	Amadous	acid	echode	chaise	cadeaus	aldus
ad fundum	addendum	Adinda	afdam	afnam	addenda	aandam	afneem	Edmund	indium	adeldom	Edmunds	afname	indam	indom	afdonder
ad hoc	Adhin	ADHD	edoch	Eidhof	Oudhof	Idhra	echec
ad hominem	hominem	homoniem	Adhin	homonieme	Dahmen	Dohmen	ammonium	omnium	Dahmani
ad interim	interim	auditorium	interims	eindterm	eenterm	ontruim	idioterie	Adinkerke	inter
ad rem	Adem	adem	aderen	adres	Adrien	ader	arme	darm	Adema	Adrie	adder	arm	aders	adert	Adries	Audrey	Adam	Adri	Aram	adam	dram	drom	drum	idem	Abram	Akram	Erdem
ajam pangang	aanmenging	lijmpoging	inmenging	omringing
al dente	Aldenzee	Aldert	andante	evidente	Olden	Aaldert	indentie	ordent
algemeen directeur	algemeendirecteur
algemeen secretaris	
algemene gaswet	
all right	allicht	light	allergie	Wright	Ulrich	africht	allrisk	Aouragh	allerergst	Leigh	Aalbregt	Albrecht	aanricht	Allaart	alliage	argot	Allegra	allegro	balorig	alliages	Alisha	aderig	allang	balorige
alle drie	allegorie	Adrie	aller	aldra	allegro	alrede	Audrie	allure	Almere	Allegra	alledag	Allard	alluderen	alweder	Adri	alludeerde	Andrei	aleer	Alders	Aldert	andere	Aaldert
alma mater	Alma-Ata	altimeter	oliemeter	altemet	oliemotor
als de wiedeweerga	
alter ego	alter	eelterige	Aalterse	altaren	eelterig	interregio	Aalter	Altorf	alteratie	kloterige	allitereer	kloterig	Aalters	etterige	Alting	etterig	Aalteraar
angina pectoris	inspectiereis	inspecteurs	inspecteur	inspecteer	aangepaster	ongepaster
anno Domini	abdomen	anoden	aandammen	aandoen	andoorn	andoren	anemoon	aandamming	antimoon	Endeman	anatomen	inzoomen	inademen	aandien	inademing	endemieën	indom	onderin	indomme	aandam	ademen	indammen	indoen	endoniem	maandmenu	onduline	Andamanen	Andamanse	indamming	aannamen	aannemen	endemie	innamen	innemen	aandamt	anderen	eindmix	indoken	indopen	inkomen	intomen
anorexia nervosa	energieniveaus
art deco	Riteco	Arco	arde	artsen	Artie	aride	Arden	arden	artes	arcade	Arties	Arti	airco	Ardon	Ard	Art	aarde	art	artiest	Arda	aardde	orde
art nouveau	soortniveau	marktniveau	EU-niveau	alarmniveau	Arnouts	werkniveau	Arnout	Arnoud	straatniveau	artrose	Aarnoutse	Aernout	Arno	Aarnout
assistent in opleiding	
au bain-marie	Anne-Marie	Annamarie	Annemarie	Annamaria
au pair	pair	aper	Autar	upper	autaar	Apia	pari	apart	aporie	spar	API	Aar	aar	air	par	awari	tapir	uppie	spaar	super	Aura	Ieper	aura	oppor	paar	AMAR	Amar	Amir	Appiah	Atar	Umar	apin	apis	Eper	affaire	pauper	April	Asper	amper	april	Ammar	Kuper	Puper	Opper	opper	onpaar	Apuliër	Apulië
auctor intellectualis	anti-intellectuele	anti-intellectueel	internetlocaties	internetlocatie
auto van de zaak	kat-in-de-zak	uitvinders	uitvinden	uitvinder	uitvonden	uitvindsel	uitveende	uitvind	uitvond	uitvindt
avant la lettre	ontluister	antimilitair
babi pangang	bevanging	bogengang	bespanning
bal masqué	masqué	demasqué	ballastte	blasé	bloemsaus	Balemans	balans	bladmassa	Blasius	ballast	balsa	balvast	blaas	Balm	bals	blaast	Bomas	bamis	belas
bami goreng	goreng	boomgrens	maagring	bemuring	Burgering	kamgaren	begroeiing	breigaren	Mooring	bemuren	buiging	belegering	Bulgaren	buigtang	burgeren	boemerang	bomgordel	begeren	begrens	berggroen	migrant	ombreng	meebreng	begieren	begerend	bekoring
bar mitswa	mitswa	Britse	Barts	Brits	brits	Barents	Britser	badmuts	britsen	vermits	Barentsen	badmutsen	britst	barmeisje	Barentsz	Birgits	britste	Britts	Bralts	Berts
basso continuo	discontinu	discontinue	volcontinu	basementen	Bassant	basnoot	bastoon	beschoten	disconto	bassisten	boskanten	Boeschoten	beschotten	secanten
bat mitswa	mitswa	beatmis	badmuts	beatmissen	badmutsen	botmassa	bontmuts	bitmaps
beau monde	beminde	bemande	Beaumont	Biemond	bemind	bemand	beaamde	gemonde	beenmode
belle époque	belope	beliepen	beliep	leepoog	piqué	beloop	bliep	laqué	beloopt	plaque	leper	blieps	leppen	lepper	blooper	Leupen	liepen	loepen	loopje	loopse	loipe
benefit of the doubt	
bez. vnw.	zeven	bezin	bezon	bezanen	beven	bezaan	bezien	beziën	bezand	bezing	bezink	bezint	bezong	bezonk	VenW	bevend	bezande	Zeevang	vezen	zeevonk	biezen	boezen	bevang	bevind	beving	bevond	Beuving	Beuvink	bazen	bazin	bizon	benauw	bizons
bezakt en bepakt	
biecht horen	burchtheren	jachthoren	biechtten	biechten	biechthokje	lichttoren
big bang	bigband	buigtang	buiging	bigbands	bidbank	bijbank	ligbank	Bing	bang	gang	bijbaan	begaan	begane	biggen
bij geruchte vernemen	
bij machte	bijgedachte	bijbracht	bijmaakte	Bachte	bijgedacht	bedachte	bijmaakt	jachtte	Bijma	betrachte	bevrachte	jacht	biechtte	bijectie	smachtte	bijmaken	bijmanen	biecht	Bijman	bracht	smacht	bemachtig	juichte	bedacht	bijmaak	bijmaan	bijmest	gejacht
bij nachte	bijgedachte	brunchte	bijbracht	Bachte	minachtte	wijnactie	minacht	wijnachtige	bijgedacht	lijnrechte	wijnachtig	bruncht	bedachte	jachtte	bionische	rijknecht	betrachte	bevrachte	bijna	jacht	Blanche	blanche	branche	biechtte	bijectie	nanacht	onechte	bijnamen	biecht	geminachte	bijnam	bracht	meinacht	lijnrecht	beenachtige	juichte	bedacht	bijnaam	binocle	gejacht	panache	beenachtig
bitter lemon	Botterman	bitteren	boterbloemen	bottelen	bitterpeeën	Bieleman	bittervoorn	bitterlijk
black box	black-out	Backx	black	black-outs	Valckx	Block
black metal	blakstil	blokmodel	blakstille	bleekmiddel
blind date	blondste	blindst	blindt	blinddoekte	blindedarm	blondst	blindeert	blinde	blinddammen	blinddoekt	blinddoek
blind vlieg	bindvlies	bloedvlag	blindweg	blindering	blindvaren	brandveilige	brandveilig	bloedvlek
blind vliegen	bindvliezen	blinderingen	blindvaren	bindvlies	bloedvlag	blindweg	brandveilige	belendingen	bladvullingen
blind vliegt	bindvlies	bloedvlag	blindweg	blindering	blindvaren	brandveilige	brandveilig	bloedvlek
blind vlogen	blindvaren	bindvliezen	bindvlies	blinderingen	bloedvlag	bloedvloed	blindweg	brandveilige	bloedvlek	belendingen
blind vloog	bloedvlag	bindvlies	blindweg	brandveilig	bloedvloed	blindering	blindvaren	bloedvlek
bloody mary	bladnummer	bladnummers	beeldmerk
boa constrictor	constrictor	boogconstructie	constructeur	boogconstructies	betonstructuur	constructie	boomstructuur	construct	constructen
bon mot	benoemt	boomt	Bono	bomt	bono	bont	Bonnet	bonnet	beneemt	bongo	bonkt	bonst	boniment	bonket	Boom	boom	Boni	Bonte	bint	boent	boni	bonte	bromt	Bento	bom	bon	Benoit	Benoît	Benito	Bent	Bone	Boon	Bunt	bant	bent	boem	boon	bomen
bon ton	Bonten	bonten	binten	bonbon	boston	ponton	Banten	bonkten	banaten	bont	vonten	Bento	Bonte	baton	beton	bonen	bonte	boten	Anton	Bantoe	Boiten	boeten	bonnen	booten	botten	bouten	button	Bolten	Bosten	Breton	Burton	Kanton	boften	bokten	bonden	bonken	bonter	bontje	bosten	kanton	konten	lonten	ponten
bon vivant	vivant	non-event	boniment	Boliviaan	Donovan	minivan	bovien	baviaan	boviene	Vivian	navrant	Viviane	Nirvana	bonuspunt	bavianen	bovenaan	banaan	bovenin
boulimia nervosa	bloemenvaas	bloednerveus	Blommers	Blumers	bladnerven	beloners	Balemans	beleners	Baelemans	beminnaars
braak leggen	braaklegging	braakliggend	braakliggende	baarkleden	bruikleen
brave hendrik	
breed lachend	breedlachend	breedlachende
broodje aap	broodjes	broodje	broodpap	broddellap
café chantant	paschanten	cachetten	cachotten	officianten
café noir	cafeïne	Conor	Connor	coronair	cleaner	camioneur	crooner	culinair	coronaire	Conner	fineer	hofnar	culinaire
camera obscura	clair-obscur	Caraïbische	Caraïbisch	Caribische	Caribisch
cannabis sativa	contrastieve	consistorie
capita selecta	dataselectie	preselectie
casu quo	casu	casino	casco	casus	causeur	calque	cesuur	masqué	casueel	casuele	Cas	causa	Casey	claque	case	cash	cast	Cisco	Cosmo	cases	causaal	causale	Cassee
ceteris paribus	acteursprijs	botersprits	cauteriseren	cauteriseerde	citrusfruit	citrusgeur	Otterspeer	ruitersport
chaise longue	chirologie	Hesseling	counseling	Heslinga	hieling	schavieling	Gasseling	Chisinau	Charlene	cohesieland	schaveling	Horseling	Masseling	Chileense
chateau migraine	chromeren	cultfiguren	dichttimmeren
chef d'équipe	
chef de cuisine	chef-artsen
chili con carne	olieconcern	celloconcerten	schoolconciërge	celloconcert	zuivelconcern	staalconcern
civiel ingenieur	Bovelingen	vullingen	vloeiingen	bevallingen	bevloeiingen	casino-eigenaar
close harmony	closeharmonykoor	clustermunitie
close reading	Colorado	Alserda	ciseleerde	clausuren	casseerde	censeerde	plisseerde	Collard	pulseerde	blesseerde	halssieraad
cola light	tl-licht	light	lollig	candlelight	collage	collega	college	lollige	collegia	collegae	collages	colleges	Lilith	lillig	Leigh	lullig	collageen
cold case	codices	codecisie	cola-tics	Claase	Candices	collectes	Claes	cloches	close	codes	collages	coulisse	cloaca	cold	coldcaseteam	Cordes	cloche	collaps	Claas	Lucas	class	collies	claudes	colères	collisie	collusie	Wooldse	calèches	coccus
cold turkey	
collect call	collectiva	collecteschaal	collectezak	collectant	collect	collectes	collectegeld	collecte	collectrice	collecties	collectante	collectors	collectie	collecten	collector	collectivum	collecteer	collecteur	collectief	collectieve	collectebus	collecteert	collecteren	collecteurs	collectoren
coming man	coming-out	coming	coming-outs	mangaan	minigame	monomaan	monomane	miniemen	ramingen	criminogeen	maanman	mengen
commedia dell'arte	modelleert	moduleert
common rail	monorail	communaal	commensaal	communale
communis opinio	communisten	communis	communisme	communist	communies	commensalen	communes
compact camera	compactcamera
compact cassette	
compact disc	
conceptual art	conceptualist	conceptualiseert	conceptplaat	conceptual	conceptualisatie
concours hippique	
conditio sine qua non	
condition humaine	
consilium abeundi	consoliderende	consulterend	consulterende
contradictio in terminis	
cordon bleu	coronale	ordinale	coronaal	Cornel	Corneel	coördineer	Cornelia	Corneille	coördinaten	coördineren	cornedbeef	kardinale	woordenboek
cordon sanitaire	kaarsensnuiter	paardensector
corps diplomatique	
corpus delicti	persdelict
couleur locale	cruciale	clublokaal	Clerck	clinical	Clarice	clerici	curricula	caracole	Clercq	Clercx	clericus	caracal	celorganel	Clarence	cruciaal	calorische	creooltaal
coupe soleil	coupeuse	Soleil	coupes	coupés	soleil	console	counsel	capsule	corpslid	consoles	capsules	counselen	coups	Coppoolse
coûte que coûte	correcte	co-educatie	correctie	etiquette	collecte	correct	contractie	cinquecento	citeert	collectie	connectie	confectie	convectie	contract	nettiquette	collect
crime passionnel	crimineel	criminele	corpussen	ceremonieel	ceremoniële	corpsen
crème au beurre	cremeerde	cremeert	Cremer	permeabele	cranberry	premature	cremeren	creatuur	Creemers	Cramer	camber	crematie	brombeer	prematuur	camembert	carbuur	rembours	Canberra	cerberus	crèmepje	Reiber	draagberrie	crèmes	crème	preambule	Craemers	Combee	Reumer	dramaserie	Braber	armere	cumuleer	Romberg	coureur
crème brûlée	cerebrale	cremeren	cremeerde	cerebraal	cremeer	Cremer	vertebrale	carambole	cremeert	criminele	Cramer	rumble	cameralui
crème de la crème	
crème fraîche	ceramische	ceramisch
cum laude	claude	cumulatie	cumulus	claimde	malde	maalde	smulde	Claudia	Claudio	cumul	melde	milde	molde	smaalde	mummelde	malie	bemaalde	gemaalde	Malu	colloïde	male	commode	commune	Malle	cum	malle	commando
cum suis	cumuls	cursus	cumulus	cumuli	muis	census	casus	Corsius	cumul	humus	communis	duimmuis	cassis	commis	crisis	hummus	Mais	mais	clausus	chassis	cum	mis	Coumou	cesium	Cems	Meis	Mous	casu	cues	smis
curriculum vitae	circulatie	proclamatie	cyclamaat	circuitelement
daarbij behorend	
dalai lama	Delila	Dillema	Delilah	dualisme	dilemma	slalom	Delil
dame blanche	ambulance	ambulanceje	ambulancen	ambulances	ambulancier	diabolische	teamlunch
danse macabre	dansmaker	dansbaar	danssector	dansmeester	danscarrière	densimeter
dark horse	Markhorst	Rakhorst	darkrooms	Dijkhorst	dagkoers	parkoers	Derkse	Dirkse	drukkers	darkroom	drukpers	dakhaas	darters	markers
de bout hachelen	diabetische	diabetisch
de dato	D-day	dato	debat	deelauto	doodt	duidt	sedatie	dedain	dealt	DDT	dat	bedot	delta	depot	deïst	djati	DEET	Dede	Dido	dada	data	date	dito	dodo	adat	dekt	dept	devoot	redt	wedt	Deden	Didam	debet	deden	deelt	deert	deint	dekte	dente	depte	deugt	deukt	deunt	gedut	nadat	zodat	Dedden	delete	deputé	deukte	devote
de facto	defect	defecte	deficit	facto	facta
de hele bubs	deelhebbers	deelhebben	deelhebber	Dahlhaus	heleboel	Habibs	holebi	Dellebeke	Dohle	Lahbibs	Hilbers
de hemel in prijzen	
de jure	deur	dure	jure	dejeuner	deer	Jurre	derrie	diere	Dre	Dur	Jur	der	deler	dezer	Dear	Juri	duro	duur	jura	majeure	Jerre
dementia praecox	
democratisch socialist	
der keerlen god	bekeerling	bekeerlinge	drenkeling	drukring	drenkelinge	kerkering	verkorrelen	beroerling	drukvellen	verkoeling	drukdaling	werkregeling	deurketting	drekkerig	doorkerven	drekkerige	drieling	keurling	verkleuring	duikeling	Dirksland	dorpeling	verkoling	werkkring	verklaring
deus ex machina	dorsmachine	leesmachine	stemmachine	faxmachine	testmachine	draaimachine
diabetes mellitus	dissimilaties	debetsaldi	debatsite	dissimilatie	debetsaldo
die en die	diende	dienende	deinde	doende	deinende	doelende	deunde	delende	dienend	biedende	ziedende	doend	dunde	Diender	dienden	diender	Denie	Diede	Dinie	diene	Dieneke	dineerde	duidende	Dennie
dies natalis	dierentaal	dieventaal	dentaal	distaal	designtaal	dentale	doventaal	dissenters	danstaal
direct mail	directie	directoria	dreigmail	drietal	direct	directheid	driemaal	driestal	directief	directielid	directies	director	directst	directe	directoraat	ditmaal	rectaal	dierentaal	directeur	directoire	directrice	directste	decimaal	directer	directorium	directere	directory	directieve
direct marketing	discontomarkt	drugsmarkt
docking station	
dolle mina	Dolleman	dolleman	Delleman	Doeleman	Willemina	doelman	Dolman	dolman	Dieleman	Dillema	Daleman	dollen	domina	Bolleman	Holleman	Molleman	Rolleman	Dellemijn
domme august	dommig	dommige	smeuïgst	hommages	domig	dommer	domme	smeuïgste	damast	Domela	dommel	dommen	Doema	drugs	Megs	meug	droogst	dogma	Damme	Douma	daags	Domen	debug	domen	daagse	demagoog
domus Dei	smousde	domus	domste	Dommisse	dominode	demissie	dimde	doemde	doomde	muisde	smoesde	dommelde	Doms	doms	amused	domstad	domheid	droosde	damde	domst	daasde
dood gewaand	doodgedaan	doorgewaad	doodgaan	doodwond	Dodewaard	doorgaand	doodwonde	gewaand	dagwand
dood gewaande	doodwonde	doodgedaan	doorgaande	doorgewaad	doodgaarne	doodgaan	gewaande	doodwond	Dodewaard	doorgaand
dood wanen	doodwonde	doodden	Doodeman	doorwaaien	dooddoen	doodwond	dioden	dooiden	doden	douwen	douwden
door en door	doorrende	Doornaar	Dorenaar	daardoor	dierenvoer	doormodder	vooronder	daaronder	Diender	Dorinde	diender	durende	rendier	doorsudder	dender	durend	rendeer
dramatis personae	
drie tiende	dertiende	drietand	dreigende	dreinende	dreinde	drietanden	groetende	vretende	draaiende	dreunende	drillende	dorstende	dreunde	dreigend	dreinend	rieten	dretsen	daterende	dartelende
drie vierde	brevierde	droevigere	devieerde	Driever	drevelde	droeviger	dirigeerde	draineerde	droever	redevoerde	Diever	Rivier	driver	revier	rivier	arriveerde	depriveerde
drie vijfde	Druijff	Druijf	droevige	rijfde	drievouden	drievoud	drietje	drevelde	droevig	droevigere	Driever	drijvende	drietjes	drive-ins	drive-in	draafde	diertje	drijfas	drijvend	dravende
dubbele axel	dubbelspel	dubbeltitel	dubbele	Dubbelaar	dubbelaar	dubbelen	dobbelspel	dubbelaars	dubbeltwee	dubbel
due diligence	diligence	diligences	diligente	doodliggen	diligent	duidingen
déjà vu	déjà	Dejan	Devi	dj-duo	djati	Dave	Java	java	djak	djahé	Deij	Rajiv	Davy	dj	Doeve	Jovi	Dijs	dij	drive	Diva	diva	dove	jive	Dijk	Dijt	dijk	dijn	dijt	droeve	jeu	Djuna	Doove	dijen	Dijke	Dijle	Vijve	dijde	djinn	djogo	lijve	dé	jou
döner kebab	dinerbon	drenkbak	dinerkaart	drinkbak	donkerbeige
earl grey	ergert	Arler	Elger	elger	erger	ergere	Algera	earlgreythee	Elgers	elgers	ergers	ereloge	ergeren	Algra	Elroy	aslager	asleger	aalgeer	Arelaren	eerlozer	ergerde	eurogroep	egelgras	emulgeren	Algiers	Oeraller
easy listening	essayisten	slisten	stilisten	solisten	analisten	anglisten	Elsten	idealisten
easy rider	Assyriër	Astrid	estrade
eau de cologne	audiologen	ideologen	ecologen	eclogen
eau de toilette	oud-atleet	atlete	atleet	adulte	aftilt	uitlootte	otoliet	uitliet	idolate	aderlaat	idealiteit	oudtante
een derde	eendere	denderde	benaderde	genaderde	rendeerde	eender	onderdoe	tendeerde	wonderde	enterde	hinderde	minderde	Andrade	eenre	eenieder	aderde	andere	eindde	einder	iedere
een tiende	entend	etende	intuinde	Etienne	Etiënne	entente	enterde	genietende	aantoonde	ontkende	Jantiene	indiende	renten	aandiende	aanziende	onteigende	enten	uitende	Leontien	Leontine	eendenei	meenten	entten	uiteinde	Fonteine	Menten	eenden	eentje	eesten	enting	entree	genten	senten	venten	eettenten	intekende	interende	ontbeende	onterende	ontleende	intand	antenne	ontkend
een vierde	invoerde	aanvoerde	enerveerde	renoveerde	eenieder	onvrede	innoveerde	eendere	enterde	aanvuurde	Enver	Evere	aanvaarde	unieerde	inviteerde
een zesde	Renzes	eenzame	aanzegde	eens	Rinzes	Oenes	einze	onzes	Elzes	eenzaam	eenzaat	inzeilde	eindes	einzen	inzend	aanzeilde	aanzeulde	aanziende	inzette	aanzette
eigener beweging	eigengebouwde	eigengebouwd	Agterberg
en bloc	anabolica	inblik	anabole	anabool	inbel	inblies	inbelt	inbelde	inblaas	anabolen	aanblaf	aanbel
en détail	Antal	einddata	eindpaal	Andela	indeel	endotheel	eindt	instel	einddoel	Intel	einddatum	initiale	aandweil	aantal	ondulatie	initiaal	indut	eindtune	indutte
en en	enen	oenen	enden	enken	enten	ineen	innen	enne	neen	Eben	een	ene	einden	einzen	enigen	entten	Aanen	ionen	Denen	Menen	Venen	Wenen	benen	genen	henen	kenen	lenen	menen	penen	renen	tenen	venen	wenen	zenen	Nien	noen	Eden	Eken	Eren	Esen	Even	eden	eken	ener	epen	eren	eten	even	exen	Inan	eenden	aaneen	nee	Eine	Enna	Enno	Nena	neon	Benne	Fenne	Jenne
en face	Eniac	infame	benefice	Ince	onaffe	onfair	onfaire	unfair	unfaire	beneficie	enfin	office	Enrico	infaam	Inca	onaf	infra	ounce	unica	Anco	infectie	info
en masse	VN-missie	Ename	innames	Naamse	entmes	Edamse	emissie	emmese	Emans	Emaus	Eneas	Emmense	Emmes	Imanse	emmes	animus	Emmies	Omaanse	incasso	invasie	onwisse	Naams	Noams	aannames	amuse	emoes	Edams	Ennis	anamnese	Eemnes	Emines	Anas	Anse	Eems	Edmées	Emmens	Esmées	engs	omissie	Aeneas	Amans	Emins	Emons	Imans	Umans	Anaïs	amnesie
en plein public	
en profil	DNA-profiel	I-profiel	U-profiel
enfant terrible	
entre nous	introns	entrees	enteren	entten	extraneus	enten	entre	enteritis	entrijs	entree	intens	enternet	Antonius	intraveneus	internaut	introuw	ontrouw	Anthonius	antennes	introïtus
er bekaaid van afkomen	
er bij zeggen	eruitzagen	erebogen	eerbewijzen	erbij	oorvijgen	IJzige	ijzige	eerbejag	oerbegin	arbitrage	eruitzag	IJzig	ijzig
eraan toe	ernaartoe	orante	emanatie	garantie	eraan	ertoe	garante	Ernste	riante	graant	traant	Ariaantje	Renate	Renato	Iraanse	criante	rente	Ernie	Arent	Asante	Ternate	Ante	ante	ornaat	rentte	garant	ernaast	oranten	gerant	variante	Otranto	entte	riant	uraan
erbij horen	erbij	Arabieren	arabieren	eierboeren	oerbron	aanbehoren	arbiter	eerbare
erbij krijgen	
erbij roepen	arbitreren	ordetroepen	eierboeren	berberapen	oerbronnen	arbitreer	erbij	eurogroep	oerbron	Arabieren	arabieren
erdoorheen krijgen	
ergens achter komen	
ergens heen kijken	
ergens over praten	organisatierapporten	organisatierapport
ergens tegenover staan	
ergens vanaf willen	
eruit liggen	uitloggen	uitleggen	eruitzagen	uitlogen
et al.	Italo	tal	etmaal	getal	metal	Italië	taal	tale	Etna	stal	atol	Petalo	betaal	getale	letaal	letale	metaal	egaal	egale	etage	staal	Ela	e-mail	tel	taël	Earl	earl	ets	Al	El	Ella	Tell	al	el	et	teel	teil	tl	Oeral	detail	email	total	weetal	Antal	Ata	aal	eto	til	tol	tul	Sital	Vital	Retel	betel	ketel	netel	oetan	zetel	ette	etui
et alii	Italië	Italo	alii	Talia	talie	Petalia	e-mail	Elio	etui	detail	etaleur	Ali	Eli	tal	Petalo	email	getal	metal	Alie	Elia	Elie	alia	tale	stal	etalage	etaleer	Attila	atol	attila	getale	letale	Ellie	Ouali
et cetera	exacter	exactere	acteer	IT-sector	executeer	uiteter	acuter	executeur	acteur	attesteer	actor	auctor
even groot	evengrote	overgroot	veengroei	evenaart	evengoed
even lang	eenling	overlang	urenlang	eeuwenlang	urenlange
ex aequo	aequo	exquis	exequiën	Exoo	exen	exquise	epoque	ex	Axel	axel
ex cathedra	cathedra	exactheid	exacter	exactere
ex dividend	dividend	ex-vriend	jaardividend	individuen	aanduidend	eindigden	individu
ex libris	Elbroes	Elbers	Elboers	Elberse	Aelbers	Albers	Aalbers	oliebeurs	axillair	axillaire
ex tempore	extremere	ex-keeper	extremer	empire	exemplaire	exempel	ex-topman	empirie	itempje	uptempo	eetpeer	exterieure	extirperen	exemplair	exemplaar	umpire	ontembare	ampère
ex tempore's	exempels	expres	extremere	exempel	extremer	itempjes	empire	exemplaire	umpires	extirperen	stumpers
ex temporeetje	temporeetje	exemplaartje	expertje	extroverte	extrapoleer	extrapoleert	stampertje	stumpertje	extraatje	Tempert	exterieure	tempert	interpreet	extrapolatie	extrapositie
ex voto	exoot	exit	Evita	exact	exacte	expat
extended family	
fair play	airplay	replay	fairway	Farla	display	jaarplan	play
fait accompli	fotomap	fotocel	fotolamp	strompel	fotomapje	xtc-pil	fotomodel	fotolampen	fotocamera	tempel
fancy fair	fanfare	fancy	functiejaar
fata morgana	stemorgaan	morgana	Morgan	Fatingan	stemorganen	toporgaan	fotovragen	netelorgaan	Morgen	morgen	fotoroman	foutmarge
faux pas	faux	faxpost	fax	fixus	Fieps	Flips	faxt	fulp	Filips	faxen	faxte	flops	Filipes	Foppes	Felipes	Fox	fox
femme fatale	fatale	fleemtaal	foetale	mentale	meestal	ferrometaal	metaal	foetaal	fosfatase	metal	meebetaal	mentaal	feesttafel	femelt	semifinale	bimetaal	elftal
feng shui	finish	fungus	Fens	feng	engs	engst	hanghuis	Fennes	Fennis	Frings	kongsi	engste	hengst	Fiens	fanshop	funshop	hengsel	mengsel	Fienes	foeyonghai	neushaai	Fins	Fish	Fong	Fons	Fung	Nash	fans	hengstte
filet americain	fleetracen	filtraten	filtreren	folteren	filtreerden	fulltimers	folterden	flatteren	flatteerden
filet d'anvers	balletdansers	balletdanseres	balletdanser	fleetowner
fin de siècle	financiële	Indische	fonetische	eindscène	windstille	financieel	eindspel	eindmusical	fiscale	fonische	Indisch	windstil	minuscule	eindscore	bindsla	fanatische
financieel directeur	
first lady	verstald	verstaald	verstalde	borstelde	frutselde	fruitsalade	verstaalde	versteld	verstild	Friestalig	verstelde	verstilde	freestylede	kerstlied	Friestalige
first out	first	Friso	frist	fitst	Firat	doorstoot	fairst	fierst	forst	forto	frisuur	Forster	friste	Aristo	frisco	fiësta	voorstoot	vuurstoot	frisket	front	frust	ristte	Fausto	fris	rist	Fiers	fairs	risotto	afrist	friet	riste	oerstaat
fiscaal jurist	fiscalist	fiscaliteit	fiscaal	fiscale
flat character	fleetracete	flowchart	fleetracet	foutcorrectie	fluitconcert
force majeure	forceer	formelere	formeler	fermere	formuleer	firmware	Reemeijer	Riemeijer
free kick	vreetkick	Frederick	Fricke	Freek	Frederik	Freeke	Freeks	Freerk	Franck	Frederiek	frenetiek	Freekes	Freekje	Fredrik	Breukink	Fick	Kick	Rick	afkick	kick	sidekick	Ferenc	Freke	freak	Frekes
fruits de mer	fruitsector	Fritsma	frutselen	frutselden	fruits	fruitsapje	frisisme	frutselt	Ritsema	fruitsalades	fruitsappen	fruitsoort	frutsel	fruitsmaak	Reitsema	fruitdag	fruitsap	fruitsla	frutsels	flitscamera	fruitboom
frutti di mare	fruitbier	fruitdag	fruitenier	fruitsmaak	fruitjaar	Fritsma	fruitboer	Rutmer	fruitbomen	kruitkamer	parttimer	kruitdamp	fruitteler
full colour	folliculair	folliculaire	colour	folklore	Floor	Fulco	filoloog	filmcultuur	flapoor	fluctueer	tricolor	flecteer
full house	fellahs	fallus	flukse	Fallons	Filius	fellows	Florusse	feilloos	Felius	Flipse	floss	Flors	flops	Floors	flatus	fletse
gas geven	gasoven	gegeven	Guigoven	gesnoven	paasgave	lesgeef
gas- en lichtrekening	
gefilte fisj	geflits	geflitst	fielterij	filters	filatelist	filets	filetjes
gekke henkie	gekrenkte	gekkernij	gekeken	geketende	gekken	gekrenkt	gekeend	gekheden	gehinnik	geketend
gelijk op	gelijk	gelijke	goelijk	goelijke	lijk	lijp
gemengd dubbel	
gentleman's agreement	
gepokt en gemazeld	
geruime tijd	heremetijd	droomtijd	gummetje	normtijd	gourmets	kraamtijd	gourmet	grimt	premietje	geurruimte	gourmette	geraamtes	geremitteerd	geraamte	gommetje	gourmetten	geraamten
gestand blijven	gastverblijven	standbeelden	gastverblijf
gestand doen	gestand	gesteunden	gestangd	gestenigde	geestendom	stonden
getuige à decharge	toegedachte	toegedichte	goudachtige	toegedacht	toegedicht	goudachtig
ginkgo biloba	
glas in lood	glasaal	glissando	glasalen	gelispeld	glossen	glasareaal	galkanaal
goed komen	goedgekomen	gekomen	gedoken	gereedkomen
golden delicious	Goldenbeld	geldende	geldend	geldhandel	geldadel	geleidende
golden retriever	
gothic novel	
goud smeden	goudsmeden	koudsmeden	gesmeden	goudsmid	goudmes	Goudse	godsidee	Godsman	gedoemden	gesmede	gesmaden
gouden eeuw	gloednieuw	Gouden	gouden	gloednieuwe	goden	goeden
grand café	Grande	grande	Grandia	gerande	grandes	grands	grandioze	grand	gronde	grandeur	grandezza	Grenada	grindpad	gerand	grindlaag	grondlaag	Glandorf	grindbak	grindgat	grondbal	grondgat	grondlak	grondtal	grondwal	Grenadaan	grandioos	Brandhoff	Grund	grind	grond	grondtaal	gerundia
grand prix	grondprijs	grandeur	gronderig	garandeer	grondruil	Grunder	garanderen	gronderige	grindpad	grondplan	grondtrek
grand seigneur	grondeigenaar	grondiger	grondleger	grondeigenaren	grondlegger	grondigere	grondeigenaars	grindwegen	grondingen	grondstenen	grensganger
grand slam	grondslag	Grondsma	grondstem	grands	Brandsma	grandslamcup	Brandsema	grondplan	grondlak	grondvlak
grand slams	grandslamcup	grondplans	grondslag	grondstem	Grondsma	grands	Brandsma	Brandsema	grandslamzege	grondplan	grendels	grondels	Grendelman	grondlak	grondsmaak	rondslaan	grondslagen	grandioos	grenslaag	grindlaag	grondlaag	grondvlak	grondeloos
granny smith	
groen geverfd	groengeverfd	grondverfde	ongeverfd	grondverf	ongeverfde
grosso modo	Grofsmid	grofsmid	grossierde	geroomd	girosaldo	geroomde	grosseerde	crossmedia	Groosman	geroskamd	graszode	geroskamde
halt houden	Holthausen	helmhoeden	halten	haaltouw	halte	Holthof	Hilton	althea	helmhoed	Helthuis	Holthuis	heloten	halt	holheid	huiltoon	Maltha
hand in hand	hondenmand	hondenhandel	handstand	naderhand	tandingen	bandhond	hondenman	hondenhaar
happy end	happend	happen	haperend	hopend	huppelend	happy	Heppen	Hoppen	hippen	hoppen	huppen	haperende	haperen
happy few	happy	hopbouw	heupzwaai
happy hour	happy	hoephout	hoepelhout	hapschaar	apenhaar	hapklaar
hare krisjna	Krisjna	krisjna	herkrijg	hartruisjes	erekruisen	hartruisje	herkrijgen	herkansen	herkregen
haricots verts	heractiveert	heractiveer	heractiveren	heractiveerde
haring kaak	haringkar	haringkaker	haringhaai	Haringa	haringsla
haring kaakt	haringkaker	haringvaart	haringkar	haringkakers	haringhaai	hangkast	Haringa	haringnet
haring kaken	haringkaker	haringkarren	haringkakers	haringpakker	haringkar	haringhaaien	haringen
haring speten	haringnetten	haringvloten	harigste	kringspieren	hangsporen	harington	harnasten	haringnet	haringseizoen	hangsloten	ingespoten	transepten	haringtest
haute couture	couture	hectare	houtsector	autoscooter	autostuur	Hector	stoutere	hartactie	houtekster	hartcentra
haute cuisine	cuisine	Haut-Congo	houtsnee	hitsen	uterussen	Hatices	houttuinen	Houtense	hotsausen	houttuin	Hattemse	Houtemse	houtluis	Haïtiaanse	houtluizen	tuisen	houtcellen	Teunissen	hatsjie	hotsen	houttoetsen	Mateijsen	Heussen	Huissen	Huussen	nautilussen	Teuwsen	Huitsing	Teeuwissen	houtresten	Husein	hannesen	hortussen
heavy metal	hardmetaal	vermetel	Hymettos	vormtaal	vermetele
heden ten dage	hedenmiddag	hedenavond	dunwandige	Hunting	haaientanden	haaientand	noodenting	dunwandig
heer des huizes	herderspoëzie	hardschuim	Heerds	herdachte	Hirdes	hordes	hardheid	hertshooi	hardste
heg noch steg	honigachtig	honigachtige
heilig verklaard	helgekleurde	zilverkleur	vliegverkeer	leverkleur
hepatitis B-injectie	
het is menens	huismannen	heteromannen	Hesemans	hoekstenen	Heesmans	Huismans	hutselen	hymnen	fatsoenen	Teisman	uitsmeden	Hoosemans	Husmann	hotsend	toetsstenen	houtsneden	hitsen	hotsen	hutsen	rotsstenen	huisman	batsmen	hitsten	hotsten
high five	highe	high	high-end	Hughes	hoogheid
high society	
hocus pocus	hospices	couscous	hotspots	docusoaps	hibiscus	hocus	hospice	hotspot	Casparus	homespun
homo australopithecus	australopithecus
homo erectus	homorelaties	Homerus	homo-erotiek	homocircuit	hoorrecht	homeruns	hortus	homorelatie	Boomaerts	Herents	Rommerts	emeritus	Meerts	horeca	humorist	mortis	Merts	Moret	hamerstuk	amourettes	Marcus	Merits	hommer
homo habilis	habilis	Mahabali	homofilie	mobilia	homobeleid	homilie	mobiles	chablis	immobilia	homohaat	hemofilie	homofobie
homo sapiens	homosauna	homoscene	homespun	omspan	omspon	hamlappen	huisspin	hamspek	hansoppen
homo universalis	universalis	universalia	universale	universeels	universele
honderd miljoen	honderdmannen	honderdtallen	honderdmaal	honderdman	honderddelige
honoris causa	Henricus	honoris	hibiscus	Hinrichs	Henrica	homerisch	Henricks	meniscus	homerische	Heinrichs	huurincasso
hora est	Horst	horst	harst	hora	Haest	hoest	hoortest	Herst	Hormes	Hornes	hordes	heerst	Hare	hare	Hira	hoera	horse	roest	heest	horens	hor	Raes	Rast	hardst	hors	hort	host	houset	rast	rest	Hoet	Soares	hoes	horsen	korset	kroest	proest	harnast	Hera	Here	Reest	haast	hoert	hoost	horde	horen	raast	hortus
huis aan huis	Heinhuis	Huissens	huisnaam	Hogenhuis	Hussains	hoerenhuis	Susannahs	Huissense	herenhuis	Hassani	Hassans	Huissen	Hussain	Hasans	Husseins
human resources	humaniseren	hamansoren	humaniseert
huns weegs	eindweegs	hangwieg	Gunneweg	insteeg	Hunsel	Hinskens	Hansjes	Hensels	Hensing	Hensgens	Andeweg	Henskens	Honsbeek	Hunspell	Nieweg	huns	puinweg	Hanse	deswege	handwagens	vanwege	weswege	Hansen	Hansje	Helweg	Holweg	losweg	zonneweg	Hannies	Hennies
hysteron proteron	
ideale gaswet	edelgassen	idealiseer	edelgas	oorlogswet	ideologie	ideologen
idiot savant	idiootst	idiotismen	idioten	idioticon	idiotisme	uitslaan	uitstaan	idioots	uitspan	ontspant	uitgaven	uitspint	idioterieën	uitgevent	Otsen
in absentia	absentia	absentie	absent	absente	Assent	absint
in abstracto	abstracto	abstract	abstracta	abstracte	abstracts	abstractie	abstracter	abstractum
in allen gevalle	inlegvellen	inlegvel	illegale	opengevallen	uiteengevallen	ongevallen	ongeval	illegaal
in beslag nemen	beslagnames	beslagkommen	beslagname	inlognamen
in casu	casu	Cas	case	Nics	NIAS	Naus	Nias	causa	casus	nasi	Nas	nas	ces	cash	cast	NASA
in concreto	pianoconcerto	concreto	concerto	pianoconcert	concreets	concreter	concrete	concept	concerti	concert	concreet	concern	incorrect	concretere	incorrecte
in de lorum	deelforum	indeler	decorum	indelers	lorum	endeldarm
in de luren leggen	ondergelegen	indringen	indrongen	dealernetten	endocrinologen	daarentegen	modelleringen	dellingen	indiceringen
in defensiekringen	
in den beginne	onderbenen	beginne	indenken	onbegonnen	inbuigen	ondingen	ondergegane	indroegen	innemingen	onderbeen	ongenegen	ondergane	Annegien	debuggen	ongenoegen	eenbenige	ingebogen	onbegaan	heenbogen	ingegane	ondergegaan	heengegane
in den lande	Nieland	ingeplande	unieland	delende	indeelde	ingeland	inlenende	ongeplande	veenland	benedenlandse	Doeland	ingepland	inslaande	interland	Onland	onland	indiende	knellende	knielende	belande	inlander	Finland	deinende	dienende	doelende	ingenaaide	lindelanen	indeelden	delend	aandienende	indelen	gelande	indelingen	dalende	dolende
in den vreemde	zonevreemde	innoverende	zonevreemd	ontvreemde	innoveerde	denderende	denigreerde	ontvreemdde	ontvreemd	ongeremde
in dier voege	indroevige	diervoer	indroeg	indroevig	dievegge	ondereg	indroegen	indreven	onderweg	diervoeder	indroog	indrong	vervoeg
in dubio	dubio	Dubai	dub	Nubië	Debie	Dubois	duo	Dob	dab	dubt
in duplo	duplo	dipool	Dupon	Dul	duplex	duopolie	duel	dupe	dool	Duale	Paulo	duale	dulia	dupes	Polo	diploma	dupliek	polo	pull	Apol	Deule	duaal	Dap	dep	dop
in dusverre	dusverre	industrie	indiscrete	induceer	dusver	duistere	duiver	duster	eindscore	indosseerde	indosseren	daver	deurveer	doseer	Indus	Verre	serre	verre	insmeer	Desiree	dover	andere	innoveer
in een mum van tijd	
in extenso	extenso	intens	intense	extensie	ineens	intenst
in extremis	extremis	extremist	extrema	extremisme	extremiste	extreme	interim	extreemst	extremen	extremer	extreem
in familiehanden	maailanden	omhanden	anomalieën	feeënhanden	infolijn	omheinden	afmelden	afmaalden	afmeldden	femelden
in feite	feite	feit	feut	fitte	feiten	feitje	fte	foute	niette	fait	feta	moeite	Feith	Feike	Heite	Nette	Weite	nette	Fieten	Fietje	friet	Fiere	fiere	feuten	neet	niet	Feijt	feilt	ofte	Fee	afeet	fee	fiets	Fiebe	Fiege	Fieke	Fiene	Retie	natie	net	notie	Fetter	feetje	flitte	frette	fits
in gebreke	ingebroken	ingeborene	ingebreide	ingebreid	inbreek	ongebroken	ongeborene	ingeboren	ingeboekte	ingeboekt
in gebruik nemen	ingebruikneming	ingebruikname	ingebroken	ongebruikte	ingeborenen	ongebroken	ongebruikt	ingerekende	ingetrokken	ingebakken	ingebrande
in gebruik stellen	ingebruikstelling	ingebruiksstelling	ingebrekestelling
in godsnaam	godsnaam	noodnaam	godsamme	ingedaan	codenaam	godslamp	godenmaal	aangenaam
in groten getale	groengele	groengeel	gekkengetal	geitenstal
in hemelsnaam	inheemsen	hemelas	Hemels	hemels	hemelse	Heemels
in het zweet zijns aanschijns	
in koelen bloede	kollenbloem	kollenbloemen	koeienbloem	koelende	kolenboeren	korenbloem	ossenbloed
in memoriam	Meriam	memoriaal	memorie	Miriam	mammogram	Mariam	Myriam
in modekringen	modekringen	indringen	omkeringen	indiceringen	indrongen	indrukkingen	monteringen	indekking	aanmoedigingen	modekreten
in natura	natura	nature	onnatuur	natuur	neutra	intra	Nauta	natter	naturel	naturen	natuurt	nieter	Nauru	inter	intro
in optima forma	optimisme	optimmert	ontferm	optimmerde	optimmeren
in petto	petto	netto	putto	PET	pet	putti	niette	Pott	peet	peut	putt	pesto	Nette	getto	nette	Peute	Putte	patio	pitte	potte	putte
in privéhanden	inperkende	inprijzen	inpraten	inprikken	invoerhaven	inprikten	Peruvianen	inpraatten	speurhonden
in regeringshanden	
in spe	spe	Sep	Spee	spie	SP	Spa	sippe	spa	Siep	soep	sappe	sap	sop	Sepp	Seppe	Soppe	iep	nep	nip	spek	spel	sper	spet	Snippe	se	snep	spui	IP	neep	sine	SIE	Sie	Sneep	Sue	esp	sneep	snoep	Pose	pose	snee
in staatshanden	staatshoofden	staatsaandelen	staatsaandeel	setstanden	staatsholding	stoottanden	stootranden
in stand houden	instandhoudend	instandhouding	standgehouden	afstandhouder
in stand houdend	instandhoudend	instandhouding	standgehouden	afstandhouder
in stand houdende	instandhoudend	instandhouding	standgehouden	afstandhouder
in statu nascendi	statuscode	stationstunnel
in studentenkringen	
in triplo	Interpol	intrap	ontrol	triool	intrapt	intrapte	tril	trip	Entrop	intro	tripels	triplet	triplex	trial	tript	entrepot	entresol	tripte	entropie	intrappen	intrige
in vivo	vivo	vive	Novo	vieve	Ivo	Livio	NAVO	Vigo	Vito	qui-vive	Volvo	vbo	VI	nv	VIII	Vijve	vivat	vivre	Viggo	video	viool	VVE	AVI	Avi	Evi	Iva	Livia	VVD	XVI	Yvo	vlo	vwo	Vivian	Vivien
in voce	voce	vice	voice	novice	Vince	vivace	vore	voze
in vredesnaam	vreedzaam	invoerden	inverdienen	inverdiend	Vreden	vredes	Verdiesen	verdaan	invorderen	Verdam	vreedzame
in werking treden	inwerkingtreding	inwerkingen	inwerking
in z'n uppie	Knuppe	zopie	pin-up	Snippe	Noppe	neppe	zuipen	line-up	zippen	knappe	zappen	zinnige	zinnia	Zinnik	zinnig	Zappa	nappa
in zoverre	zoverre	zover	zuivere	Verre	verre	zever	zovele	zuiver	zeverde	Veere	zoveel	Vere	Zoer	zere	Over	over	zoener	Zeveren	zeveren	zeeoever	Verra
in- en ingemeen	inningen	inentingen	ingenomen	ingemeen	ingemene	ingemeten	ongemeen	onenigheden	inenting	mondgemeen	ongemene	ineengedoken	ineengelopen	ineengezet	inning	ineenzetten
ingenomen met	ingenomen	ingenomenheid	ingekomen	aangenomen	uitgenomen
ingenomen tegen	ingenomen	ingenomenheid	innemingen	lineamenten	benoemingen	alignementen	ongemunte	engagementen	aangenomen
ins en outs	sneust	Santos	intenties	Senta	senators	Santes	sent	Annets	intentie	snoot	sonates	Soonius	ententes	sneuste	snuit	Senaat	Sennes	senaat	snotneus	snoeit	entente	snotjes	snoetjes	snotters	sonate
intensive care	intensiveer	intensievere	intensiever	intensiveren	intensiveerde	intensiveert
ipso facto	opspat	opsolfert	pasfoto	opsomt	opspaart	opsloot	opspoot	opstoot	oploeft	opslaat	opstaat	opstapt	opstart	epacta	apostaat	asfalt	emissiefactor	insect	opposant	imperfect	opoffert	opstapte	liposuctie	oppast	perfect	prefect	imperfecta	imperfecte	opstopt	opsta	aspect	oppaste	perfecta	perfecte	artefact	infectie	opschoot	affect	epifyt	opheft	proficiat	opschut	effect
jaar in jaar uit	Baarnaar	Jan-Jaap	daarnaar	maanjaar	waarnaar	daarnaartoe	waarnaartoe	jaarcijfer	Rijnvaart	Warnaar	jaarnota	Barenaar	Larenaar	Rijnhart	verjaart
jaar op jaar	jaaropgaaf	Jaap-Jan	jaaropgave	kropaar	rampjaar	jaarplan	profjaar	jaarcijfer
jack russell	carrousel	schuursel	kursaal	Koersel	succursale	jokers	jaarkoers
jeu de boules	jeu-de-boulen	jeu-de-boulde	jeu-de-boul	jeu-de-boult	jeu-de-boulden
jeune premier	ex-premier	Jean-Pierre	vicepremier	VUT-premie	Jeremie	premier	Jean-Pierres	janplezier	premie	Jeremia
joint venture	puntentrui	internetter	ontvanger	penetrantere
junior manager	unitmanager	floormanager	tourmanager	netmanager	tenorzanger	junimaand	junioren	watermanager
just in time	justitie	Justine	Justitia	Justin	Justina	Justins
karnemelkse pap	karnemelkpap	karnemelkse	karnemelks
kijk- en luistergeld	
kinds zijn	joods-zijn	mens-zijn	landszaken	kaddisjen
klein houden	celinhouden	Kleinhout	kleingoed	koeienhuiden	kleunden	kleineerden	celinhoud	kleinheid	kleinood	kleinsde	kolenhokken	klakhoeden	kleineerde
kol nidrei	kolenader	Klunder	kalander	kalender	koloniseer	kolenaders	kolder	kloonde	klandizie	kalanderij	koelende	Klundert	kleinere	kloneerde	klieder	klodder	Vlinder	vlinder	vlonder	koolader
kond doen	konden	kondigden	ondode	kanoden	knorden	kondigde	monddode	kenden	kneden	knoeiden	kindeken	kienden	kneedden	knudde	monddood	kanode	kond	knedend	keenden	kendo
kort geding	kortheid	korting	kortbenig	kortademig	kartering	rotding	kortbenige	Kregting	vertreding	karting	kortgeleden	Kragting	voortging	Korteweg	kartelig
korte golf	koudegolf	korenwolf	boerengolf	kortgolvig	griepgolf	kortfilm	kortelas	Kregel	kartel	kortaf	kregel	Kreugel	kregele	kriegel	kartels	kartelt	kortgolvige	Portugal
kunst- en vliegwerk	
laisser aller	laisser	laterale	liberale	Lossernaar	Losserse	lassers	Liselore	Lisser	lasser	kasserol	laseren	lateraal	liberaal
laisser faire	lariefarie	laserfax	Lossernaar	literaire	litteraire	libertaire	laisser	literair	lasteraar	litterair	luisteraar
laissez passer	Lissese	laissez	Lasses	Lisses	Lászlós	assepoes	lasrups	Losserse	laospoeder	lassers	lasrupsen	Liezes	laserpen	laserpuls	leesdossier	Lossers	lossers	Liselores	luiszakken	Lisettes	liesgras	lieslaars	leespauze	Liesjes	Lieskes	liesjes	Giuseppes	Guiseppes	lessenserie	luiszak	reispas	laskappen	lastpak	leeszalen	Lisannes
land- en volkenkunde	
lapis lazuli	plaszuil	Laszlo	László	lipssleutel	paleiszaal	loopstal	lipsslot	speelzaal	leeszaal	liplezen	lipssleutels	paslezer
last minute	slotminuut	slotminuten	lastminutereis	latente	satinet	staminee	astrante	latentie	pasmunt	laminaat	lasten	sluitmunt	stante
latin jazz	latin	Latijn	latijn	latino	lating	balkanjazz	Latijns	hotjazz	Tanja	latinisme	Latijnen	Latijnse	latingen	matineuze	laten	linze
latin lover	latino	rationeler	latenter	betonvloer	latingen	stalvoer	kanaaloever	latiniteit	latin	latinisme	toonlozer	lating	steenloper	uitlever	latentie	latnagel	lutteler	lotingen	lotnummer
latin rock	betonrock	stonerrock	Patrick	latwerk	Strick	platenrek	literpak	gitaarrock	laterzaak
leeg raken	leegmaken	leegraakten	leegtrekken	leegroven	geraken	leegraakte	legerden	leegraakt	legrassen	leegruimen	losraken
licht verteerbaar	luchtververser	luchtvervoerder	luchtverfrisser	luchtvaartverkeer	luchtvaartgebied	luchtvaartterrein
light verse	lichters	lichtverlies	luchters	Legters
lik op stuk	kopstuk	klapstuk	koperstuk	topstuk	kapstok	lipstick	loopst	opstak	puikstuk	buikstuk	kasstuk	hakstuk	kopstem	nekstuk
linea recta	lineariteit	leenrecht	Lennaert	Lennert
lingua franca	longaderen	longdrink	langdurend	loongrens	langoren	lingerieën	langdurende	longtering	langoeren	loonfront	longfunctie	conference	Lenferink
lost generation	beatgeneration	postagenten	castagnetten
low budget	loonbudget	bouwbudget	budget	dagbudget	Lobregt
low cost	loco	locs	Loïcs	locus	luwst	Lowies	Leco	loc	low	Lowie	lauwst	luwste	Loïc	Lucs	Lucas	Luces	Luucs
low profile	L-profiel	I-profiel	L-profielen	profile	T-profiel	U-profiel	V-profiel	Z-profiel	DNA-profiel	profiel	profil	looprail
magisch realisme	
managing director	
mastino napoletano	
mavo 4-leerling	mavoleerling	havoleerling	mavoleerlingen
maître d'hôtel	metrostel	mariadistel	metrohalte
mea culpa	macula	culpa	Maclean	Colpa	scalp
mer à boire	moratoire	Meereboer	maraboe	moratoir	maraboet	Arabier	arabier	maraboes	meerboeien	Mahabier	Marjorie	Merbis	meerboei	moerbout	eerbare	morbide	marbriet	moerbeien	merbau	moerbei	eierboer	mortier	meerdere	beriberi	dierbare
met dien verstande	
met veel verve	
met verve	motiveren	matverf	motiveerde	betoverde	getoverde	meter	verve	motiveer	mieterde	mieterse	metier	meters	metser	motvrije	meevoerde	materie	Materse	mestvoer	metiers	meteoren	mieteren	smetvrees	Meeter	Meuter	mieter	motvrij	meevroeg	muteerde	meevoer	moutere	Mater	mater
met voorbedachten rade	
middle class	middellands	middelaars	Midden-Atlas	middelares	Middeljans	Middellandse	middellandse
mijn en dijn	
mijns inziens	wijnsauzen	mijnwezen	kansenzones	kansenzone
militant nationalistisch	
minimal art	minimaler	minimale	minimal	minimaal
minimal music	
mis poes	mispas	mises	misprees	missies	misdoe	mispel	mispeer	misères	misse	Moses	spies	Mies	mies	mise	miss	moes	missie	meisjes	meiskes	missers	muisjes	Miske	miste	messes
mixed grill	modegril	modegrillen	mandril	deegrol	Maasdriel	madrigal
mixed pickles	
mo A	Mona	Moya	mora	Mia	oma	MA	Ma	Mo	mA	ma	mo	Noa	mos	Mea	mea	moe	MBA	Mol	Mom	Mon	boa	mof	mok	mol	mom	mop	mor	mot	soa	Mao
mo A-akte	mo-akte	maakte	mo-akten	mo-aktes	maakt	mokte	mikte	maakten	makt	mokt	mekte	mankte
mo B	MB	Mb	Mon	Mo	mo	AOb	BOB	Bob	Dob	Job	Mol	Mom	Rob	WOB	bob	job	lob	mkb	moe	mof	mok	mol	mom	mop	mor	mos	mot	rob	tob	mbo
moleculair bioloog	
moment suprême	
mond op mond	mondopening	mondgemene	monomane	mondgemeen	mondrand	mensenmond	monomaan	indopen	mondaine	monomanie	mondigen	maandmenu	monodieën
multiple choice	multiplicatie	multiplicator	multipliceerde	multipliceren	militieplicht
multiple sclerose	multiplicators
mutatis mutandis	mistoestand	meterstand	milieutoestand	ontsmettend	ontsmettende
naar binnen	daarbinnen	waarbinnen	narennen	erbinnen	hierbinnen
naar de barbiesjes	Noord-Brabants	Noord-Brabantse	Noord-Brabant
naar de barrebiesjes	Noord-Brabants	Noord-Brabantse	Noord-Brabant
naar den vleze	paardenvlees	Noordenveld	paardenvlieg	paardenvolk
naar hartenlust	niet-rationele	niet-rationeel	Noorderkanaal	proportionele
nasi goreng	nasporing	naaigaren	nasporen	goreng	naspeuring	Nagorno	sigaren	nabreng	nagerend	nastaren	nasturen	DNA-streng	aasgieren
nasi rames	Nasrs	kansarme	Nassauer	nakermis	Nasr	Nasri	kansarm	serums	neusriem	neusriemen	natrium
native speaker	centerspeaker	katenspek	tv-soap	netspel	nietesspel	natspoot	natspuit	netsuke
nek aan nek	nek-aan-nekrace	naklank	nepantiek	Nannen	kannen	kanunnik	Konink	Nekeman	kantiek	Nunnink	Kenianen	kennen	nanoen	nekken	kranke	neusklank	Keniaanse	denktank	eenklank	gekkinnen	tektoniek	klank	krank	Kunnen	Nanouk	kinnen	kunnen	nonnen	nakende	nakweek
new age	Nieweg	Wage	negge	gewag	E-weg	gewaag	neeg	Wange	nawoog	beweeg	New	neg	new	wegge	naga	neig	nawegen	teweeg	Nowee	nawee
new wave	Neve	wave	Neva	New	nawee	new	novae	Nieuwe	Nowee	nieuwe	NAVO	nietwaar	nieuwste	naïeve	nauwe	Nawal	Nowak	naw	nawuiven	nieuwere	nauwste	nieuwtje	nawees	Ninove	native	nauwte	Nawals	Newton	nakwam	narwal	newton	Nieuw	nieuw	wauwe	nauwere
niet-gouvernementele organisatie	
no cure	Nour	cure	Nouri	Nokere	nature	secure	Noer	crue	curie	noir	NUR	Nur	nor	sinecure	OCR	Sucre	ecrue	neurie	Noor	Nora	Nori	Nuri	care	cour	nare	Nooter	acre	doceer	noch	noemer	noteer	Nauru	Noori	score
no pay	Noya	nopt	nop	pay	noop	Noppe	nappa	Nepal	nopen	nopte	NAP	nap	nip	Nagy	napi	nep	pony
noblesse oblige	blaasbalg	blaasbalgen	blaasbalgje
nogal wiedes	nagloeide	nageleefde	nagelde	geluwde	nagelbed	nageleefd
nolens volens	mollenvallen	mollenvellen	rollenspelen	Lensvelt	rollenspellen	loonslaven
nom de guerre	mondigere	mondgeur	nodiger	namiddaguur	mondiger
nom de plume	mbo-diploma	modepolitie	modeplaat	mondklem	hbo-diploma	vwo-diploma	napalm	erediploma	zwemdiploma
nooit ofte nimmer	fotonummer	notanummer	netnummer	startnummer
not amused	notaties	Noams	notaris	Naamse	noties	Tames	Noémies	Tamis	intimus	Tammes	votums	Natalies	Natans	botmassa	notities	ritmus	Naams	Temse	nozems	totems
nota bene	notabele	notabelen	notabel	Noten	noten	notaboek	Notten	noteren	notulen
nouveaux riches	
numerus clausus	musicals	miraculeus	Marcellus	Marcelis	Marcels	Marcellis	marscolonnes	Marcelles
numerus fixus	numerus	numerus-fixusstudie	nummers	muursafes	noemers
o jee	jee	Otje	Uljee	IJ	ij	Oele	Oene	oer	ore	je	IJle	ijle	ojief	oudje	Okke	idee	ouwe	Jie	Joe	Oei	jeu	oei	oogje	ootje	Obe	Ode	Oey	ode	oef	oen	ome	one	oehoe	Anje	Eke	Abee	Njoe	Oane	Olle	Onne	Oome	Orie	Osei	Osse	Otte	Oude	Tjeu	oase	olie	opoe	oude	sjeu	Ooijse	ie	Ede	Eef	Eek	Eem	Efe	Epe	Eve	Eye	ede	eed	eeg	eek	een	eer	eet	ene	ere	gejeu	E	O	e	j	o	goj	voj	EU	Ji	Jo	Ju	ei	ja	ju	jou	Joao
of all people	oplepel	Aalpoel	oliepeil	aflappen	afspeel	afspoel	afhaspel	afloop	afpeil	afkoppel	aflopen	aflopende	afliepen	afloopt	afliep	eetlepel	eierlepel	aflopend
of all places	alpaca	afvalplan	offerplaats	fileplan	afpalen	aflappen	afplag	afplat	aflapten	alopecia	afsplits	appelplaats	Aalpoel	aflopen	oplepel	afgeplatte	afgeplat
of zo	ouzo	afzei	afzie	of	Fez	fez	off	ufo	Afro	Elzo	Enzo	Onze	afro	alzo	offs	ofte	onze	Iz	oef	afzit	afzoog	afzoom	uzi	af	afzoek	ooft	afzag	afzak	afzat	afzeg	afzet	Efe
old boys network	
olie voor voedsel	Elversele
om den brode	Oedenrode	Oudenaarde	ondenkbare	omberde	omsnoerde	omboorde	amenorroe	Oldenboom	openbaarde	openbare	ordineerde	uienbrood	Oudenburg	emaneerde
om en om	omnium	omen	Menam	Ommen	omkom	meenam	Ommens	omzoom	Oomen	Oenema	Omani	opnoem	Oman	amen	opneem	omina
on speaking terms	
on the rocks	interlock	intercoms	onttrok	theeroos	introk	Ericks	onthard	ontbrak	ontbreek
onder ede	ongerede	derde	deerde	darde	aderde	derfde	oudere
onder meer	onderzeeër	deprimeer	onderneem	Termeer	Vermeer	Overmeer	ondereen	ondernemen	onderramen	fermere	onderzeeërs	decimeer	modereer	deformeer	onderbeen	onderdeed	onderdeel	onderwees	onderzees	fermer	Bodenmeer	cremeer	formeer	ondervloer	onderwater	Overmere	deurveer	Demmer	onderkerk	ondereg	onderen	enormer	enerveer	onderdoe	onduleer
ongelovige thomas	
onov. ww.	omvouw	Onvlee	onvree	opvouw	oneven	invoeg	invoer	invet	ov	vouw	ouwe	Over	over	AOV	AWW	Enver	Oevel	inval	invul	oever	Ovaa	ANVR	oeuvre	Ottawa
onverrichter zake	onverrichter	verachterde	verachteren	verachters	verachtelijke	verachter	verachterden	verachterd	verachtert	verachtelijk	verachtering
onzes inziens	inseinen	inzettingen	inzenden	inzegenen	kansenzones	insluizen	Zinedines	insnuiven	inzonden	inzonken	zegenwens	Sinans	insinueren	sonatines	geenszins	aanzettingen	insneden	resonans	groenzones	snoezen
oorlog voeren	oorlogvoerend	oorlogvoerende	oorlogvoering
op ad-hocbasis	ad-hocbeleid	ad-hocbesluit	ad-hoccommissie
op de bonnefooi	bonnefooi	Denneboom	debrief	dennenolie	Deben	opboenen	opbond	demonen	opdiende	opdoffen	Dionne	Bonnes	Bonnet	Donner	bonnen	bonnes	bonnet	dennen	opdekken	roodbonte	duobanen	opdreunde	Bonnema	Dionnes	abonnee	demonie	deponie	douaneboot	Bonefaas	opdokken	debrieft	debriefen
op de pof	depot	poef	doof	PDF	pdf	dep	Deppe	pief	dept	Dupon	depri	depte	gepuf	Diep	dief	diep	dope	diepe
op ooghoogte	ooghoogte	opvoerhoogte	opgehoogde	opgehoogd	oogholte	opgehoeste	ophoogde	ophoopte
op uitleenbasis	uitleenbasis	uitleenbalies	uitleenbalie	uitleenbaar	uitleenbare
op zichzelf	
open source	apensoort	source	openbare	opensperren	outsourcen	apensoorten	opensloeg	onshore	openbaarde	opens	opensneed	opensta	censoren	mensuren	opentrek	sensoren	enorme	ongure	op-en-neren	openbaar	opsierde	censureer	entourage	etensuren	mensurale	openbreek	opensla	sponsor	censors	sensors	apenstreek	op-en-neer	etensuur	onsterke	penserij
openbaar maken	openbaarmaking	openbraken	openbreken
oral history	oorlogstrom	oorlogstrauma	oorlogsterrein
oratio pro domo	oratorium	Oterdoom	rotperiode	oprotpremie	erepodium	irriteerden	irriteerde	erotiseerde
ouder gewoonte	ongewoonte	overgewonnen	urgente	overgewipt	moedergemeente
out of the blue	stiftbal
over the counter	overtochten	overtekent	operatiecentra
overboord gooien	overboord	overbrugden	overbruggen	overbrengen	overbrugde
pain à la grecque	
panna cotta	pancetta	panlat	panacees	pincet	panacee	panache	punctie	Pannekeet	panaceeën	pacete	puntte	popact	pincetten
par excellence	excellence	percelen	perceelland	protocollen
pars pro toto	parasport	passe-partout	sporttoto	paspoort	passe-partouts	perspiratie	paspoortwet	passporten	paspoorten	sportauto	proportie
partij kiezen	partjes	paartjes	Pertijs	preitjes	praatjes	pretjes	peertjes	piertjes	poortjes
pas de deux	passeerde	passeerden	pastadeeg	poseerde	misdeden	pasmodel	passerdoos	pissebed	paradedag	poseerden	misdeed	paasdagen	paasdatum	pisdoeken	misdaden
pas op de plaats	speelplaats	peesplaat	spanplaat	Soendaplat	spaanplaat
paso doble	passabel	passabele	pasmodel	pausmobiel	doble	Pardoel	passionele	pastille	paddel	pastorale	Pascale	double	Pascalle	Pasquale
patates frites	patatgeneratie	pastasoort	plaatskaart	petitfours	protesteert	poetsbeurt	tuttifrutti	poëtiseert	pitsstraat	petitfour
patati patata	patattent	patsituatie	politiestaat	potestaat	patattenten	prietpraat	hittepetit
pater familias	Peter-Pauls	parfumolie	Peter-Paul	patrimonia	parfumfles	strafklas	patrimoniaal	peuterklas	patrimoniale	natuurfilms	patrimonie	literfles	patrouille	parfumerie	portefeuilles
patience spelen	pianospelen	potspelen	potspellen	pianospel	potspel
peau de pêche	depêche	depêches	autopech	Saudische	Apache	apache	epoche	panische	panache	Punische	Saoedische	Saudisch	Vedische	medische	zaadpacht
per capita	perceptie	percepties	recapte	perpetua	perceptiën	percent	percipieer	preceptor	recept	receptie	pracht	peripetie	propt	prachte	piercete	propte
per se	perse	Peerse	Pers	pers	presse	parse	prees	pres	Peers	Piers	persen	perser	perste	Pires	pares	paarse	Pars	pars	perst	Ierse	Perle	verse	Parsa
perpetuum mobile	
persona non grata	personenkaart
personal computer	personeelsmutatie
petit restaurant	toprestaurant	hotel-restaurant	carterestaurant	stamrestaurant	tapasrestaurant
pico bello	piccolo	Pueblo	pueblo	pitbull	decibel	penibel	penibele	parabel	pcb
pisang goreng	pakkingring
pièce de résistance	
plaats delict	persdelict	plaatsgeld	plaatsbiljet	plaatsbal	plaatstalen	plaatsballen
plan de campagne	
plat du jour	Platjouw	Platduits	Platduitse	plaatdrukker	pladijs	plaatijzer	platzetter
poste restante	protestante	protestant	postkwitantie	pasteurisatie	postregistratie	priesterstand	pasteltint	pastelstift
posttraumatisch stresssyndroom	
premie A-woning	premiewoning	premielening	privéwoning	prefabwoning	premiedaling	premieloon	portiekwoning	premielonen
prima donna	piramiden	priemden	pruimden	primaten	Prudon	ramadan	pyrimidine	grimden	pruimedant	primeren	premodern
primus inter pares	
pro Deo	porde	rodeo	parodie	periode	Rode	parade	porden	porder	rode
pro bono	proton	porno	Robin	prion	Pirovano	Robbin	Robina	Robine	Proven	proven	groeibon	provenu	Robben	robben	Prudon	pakbon	prooien	persoon	Parbo	Pirson	probaat	probate	probeer	profane	parabool	Verboon	carboon	Prein	Rubin	perron	proberen	Perdon	Perton	pardon	poriën	porren	Verbon	carbon	porden	porten	Raben	Ruben	prune
pro forma	program	profteam	reform	pluriform	programma	performen	performer	proefrit	pluriforme
pro memorie	parfumerie	promotor	première	primaire	primer	primeer	primeur	premetro	premature	primair
pseudologia fantastica	
public relations	
pur sang	persing	pisang	pressing	prang	persslang	personage	pertang	Pirson	pireng	paring	parsen	persen
qualitate qua	qualitate	dualiteit	quotaties	quotatie	dualiteiten	quilten	litotes	Multatuli	quilts	dilatatie	quilt	nulliteit	realiteit	Laetitia	nulliteiten	realiteiten
qui pro quo	quorum	viproom	promo	provo	Querido	Quirien	Quirina	Quirine	dieprood	prooi	sopropo	croque	epoque	quarto	époque	hippique	oprook	Proos	pro	Porto	porno	porto	porum	Cuiper	kuiper	primo	query	zuiper	sproot	poreus	prof	prol	prequel	guipure	Prevo	Proet	Pross	prauw	proef	prove	proza	quark	repro	Epirus	Piraeus
recht voor z'n raap	
rechttoe rechtaan	jachtrechten	rechterschoen	rechtervoeten	rechterkanten	rechtschapen	jachtrecht	luchtrecht	pachtrecht	achterlichten	achternichten	richtkracht	achterschotten	schaterlachten	rechtsachter
rector magnificus	
reductio ad absurdum	
remedial teacher	modeltheorie
remedial teaching	
remote sensing	Remmerdense	Roemeens	remtoestel	Remons	motsen	remitteren	rotsen	Roemeense	moessons	rantsoenering	ruimtesonde	reminiscens	retsina	smotsen	remissies	ruimtesondes	toemetsen	Mortens	remittent	metsen	Reintjens	Riemens	mitsen	ritsen	rotans	Mertens	Romeins	roomsen	reistassen	Romeinse	Rosans	matsen	matses	mutsen	ratsen	romeinse	rusttekens
rigor mortis	regiopromotie	Rommerts	Righarts	gourmets	nigromantie	rigoureust	Remmerts	regardeert	rugoperatie	rugwaarts	Eggermont	Geraerts	Gerberts
roaring twenties	
roestvrij staal	roestvrijst	roestvrijstalen	gastvrijste
rond krijgen	rondrijden	ronddrijven	inkrijgen	ronddroegen	ronddragen	aankrijgen	rondrijd
ruim bemeten	bemeten	toebemeten	ruilebuiten	ramboetan	pruimtomaten	rumbonen	Rumbeke	Rumbeeks	bimbammen	gambieten
running gag	running	Reninge	ringweg	nonnengang	reiniging
running mate	ringmaat	ringmaten	running	Ringma
salade niçoise	soldeniers	salades	silicose	Denices	solenoïdes	Salden	soldenier	slidings	saladbars	stadions	galadiners	Selenes	silenes	Gladdines	Swildens	saloons	sleden	solden	sulden	Solanges	bladneus	Soedanese
salam aleikum	saliemelk	slaapplek	Saalmink	Smelik	slaapplekken	soloalbum	slaapplekje	Salemink	sagomelk	sojamelk	slimmerik	slotklim	slimmeling
salto mortale	postmortale	slotkoraal	kalkmortel	slotformule	steltwortel	postmortaal
second opinion	secondanten	seconden	secondant	secondante	seconderen	secondelang	Scandinaaf
selffulfilling prophecy	
senior partner	seniorenkaarten	danspartner	tenorpartij	doorpraten	snerpten	snijapparaten	snippertje	snoepertje	separaten	snoepten	voorpraten	snerpte	verpraten	seinposten	snorkten	Snippert	snippert	inopportune
septic tank	septetten	spitsten	spoetnik	spuitstuk	spietsten	spuitcabine	spotmeting	speltechniek	spuitcabines
shish kebab	
short story	sportster	sportsters	sportstuur	Hartstra	sportsturen
sinds mensenheugenis	
slecht verlicht	luchtoverwicht	schitterlicht	schaterlacht	luchtvracht	schaterlachte	schaterlach
slow motion	slotmaten	slottoon	Slooten	slootten	slametan	klemtoon	slottuin	sloopten
sociaal geneeskundige	
sociaal geograaf	oscillograaf	sociograaf	scenograaf	sociografie
sociaal psycholoog	schoolpsycholoog	schoolpsychologe
sociaal verpleegkundige	schoolverpleegkundige	ic-verpleegkundige
socialistisch realisme	
sotto voce	stootvoeg	stoven	service	solo-oven	Stevie	Stuive	sotto	Stroeve	stroeve	Steve	Stuve	stevige	stoomoven	semavoice	Stavele	sotternie	stootje	stootse	Stroo	Steven	Steves	staven	stevel	steven	stijve	soutache
spic en span	springspin	Spaansen	secansen
spina bifida	spin-offs	spin-off	spanband	spinazieblad	spinaziezaad	spinaziebed	saunabad	spinbaas	seinbord	spindraad
stage lopen	stageloon	stukgelopen	stelpen	toegelopen	stolpen	steggelen	stulpen
stante pede	stuntelde	stante	stunter	stuntte	stuntel	stunten	stuntje	stenotypie	stuntten	stentor	stents	stunts	stuntteam	stunt	stenotyp	steentijd
stap voor stap	Staphorst	Staphorster
state of the art	stofthee	statischer	stottertherapeut	staatstheorie	stottertherapie
stenen gooien	stenengooier	stenengooiende	steengangen	steenlagen	steenwagen	steenwegen	steenzagen	stenigingen
stille willie	staalwol	stillere	stijlvolle	stillegde	stilletje	stiller	Stille	stille	Stoeltie	stuurwiel	stilleven	stillezen	stelselloze	stilleg	stillen	stilvallen	stilvielen	stileerde	stilleggen	stilliggen	stollende	satelliet	stellaire	stilheid	stillegt	staalpillen	stuiflawine	staalpil	stilhield	stalletje	stellende	stelletje	stilzette	spinnewiel	stalle	stelligere
stroomaf- en stroomopwaarts	
stroomop- en stroomafwaarts	
studium generale	Staten-Generaal	stadsguerrilla
stuk voor stuk	Stikvoort	stuurstok
sub rosa	Soubirous	Seubers	bursa	Siebers	suburbia	bros	brasa	sabra	sousbras	stros	Sabrina	fibrose	subroute	brosse	Bors	bras	Broes	Broos	broes	broos	Braas	Sebas	Sjors	stras	saurus	Brus	SARS	bres
sudden death	Donath	samendoet	sedentair	sedentaire
sui generis	seigneurs	soigneurs	subgenres	Siegers	signeer	Signer	soigneer	subgenre	seiners	eigener	signeerde	soigneert
syndroom van Asperger	
tabula rasa	tabulators	takelaars	tableaus	rabbelaars	tabuleren	titularis	Taylors	Belarus	Tabbers
tai chi	tai-chi	tai-chiet	tai-chiën	teach	toch	Tausch	tai-chiede	touche	Aicha	Taco	Tico	taco	Chi	chi	tic	ach	ich	tichel	Stach	Taha	Tica	teach-in
te berde brengen	beredenering	bereddering	braadharingen
te bestemder plaatse	
te bestemder tijd	
te eigen bate	toe-eigent	toe-eigende	tegengaat	tegenactie	toe-eigenen	toe-eigen	eigenste	toe-eigenden	tekenbeet	tegenbod	Ternate	gebate	Seignette	tegenga	tegenbetoog	tegenbevel	tekenbeten	tegenaan
te elfder ure	beleefdere	elfder	geliefdere	toiletdeuren	toiletdeur	beleefder	zeeldraaier	tolereer	geliefder	halfdrie	toeleveraar	halfdroge
te eniger tijd	tienertijd	toentertijd	tengeltje	teennageltje	negertje	tangetje	tongetje	hangertje
te gelde maken	tegeldemaking	gladmaken	toegeleken	geldmaker	gereedmaken
te gelegener tijd	
te harent	beharen	ethernet	Tarente	Haren	haren	tarnt	teren	Ehren	Teheraner	toehoren	toehalen	torent	Thalen	tsaren	Teheran	Tataren	beheren	behoren	tenoren	tevoren	terne	trant	Haaren	Haroen	Harren	Ternat	harren	tieren	toeren	coherent	tarn	traant	traint	terrein	thee-uren	thermen	Harun	Heren	Tarin	Thoen	Thorn	heren	horen	huren	toren	tornt	turen	turnt	hetaeren	thesen	Heeren	herren	Thelen
te hunnent	hunnent	Hunnen	Teunen	toekunnen	tehuizen	Hinnen	tinnen	Hannen	Heunen	Thonen	hennen	tenant	tonnen	tuinen	Theune
te midden	temden	teemden	Midden	midden	toomden	trimden	mudden	todden	Midde	temde	temen	meiden	temmen	timide	tuiden
te midden van	middenvak	middenin	middenoren	temden	middenniveau	minivan	tendensen
te mijnent	termijnen	Mijnen	mijnen	eminent	Meijnen	termijnenwet	tinmijnen	eminente	stamijnen
te moede	temde	teemde	timede	toomde	moede	timide	bemoeide	gemoeide	temeie	gemoed	tegoed	tromde	moeide	temden	toedoe	Tweede	teelde	teerde	temeer	toefde	toerde	tweede	mede	mode	moed	emoe	zomede	stemde	Taede	Temme
te onzen voordele	onzinverhaal
te onzent	onzent	toonzet	trenzen	einzen	tenen	tezen	tonen	onzen	tenoren	deinzen	veinzen	Teunen	Toonen	tenant	tonnen	Tensen	donzen	gonzen	lenzen	tonden	toonzette	toonden	T-zone	Tienen	tienen	toezien	Terneuzen	tanen	toewezen	toonzetten
te pas en te onpas	toepasten	trassanten	topstenen	passanten	passantenhuis	tappunten	topnoten	topsteen	toppunten
te stade	stade	testbed	testende	testte	testje	teisterde	testes	keistad	tetse	toestand	zeestad	etste	stadie	toesta	testen	tester	tests	toestemde	Stad	stad	test	testeer	testten	toestak	state	Stede	Tessa	stede	taste	testeerde	teute	toste	Beste	Estée	Teske	Tesla	besta	beste	geste	leste	tesla	veste	tastende	tastte	teutte
te werk gaan	toewerken	telwerken	teruggaan	werkgang	teloorgaan	teerdagen	werkman	telewerken	bewerken	teerwegen	netwerken	toporgaan	bewerkten	gewerkten	toewerkt	Tarkan	Werken	werken	Terhagen	toerwagen	Twee-Akren	tweernen
tempo doeloe	temporele	temporale	temporeel	topmodel	temporaal
ten aanschouwen van	
ten algemenen nutte	
ten anderen male	topondernemer
ten bate van	tenten	tentatieve	tentamen	tenteren	tankboten	tentamina	toebeten	nableven	tinsteen	toongaten	tributen	Bataven	tentoon	tintten	inbeten	tankten	genitieven	aanbeten	steunbrieven	tintelen
ten bedrage van	steunbedragen	Tinbergen	nettobedragen	onbedreven	notabedragen
ten behoeve van	
ten belope van	tennisloopbaan	nableven	aanbleven	aanblijven
ten besluite	besluite	tenslotte	besluit	onbesliste	toesluit
ten bewijze	onwijze	steunbewijs	zienswijze	bouwwijze
ten bewijze van	
ten burele	burele	tiendubbele	penibele	bureel	telbureau	mensurale	neurale	tengere	tembare	tonbrug	teneur	tonele	toonbare	tengel	Tongerlo	kenbare	telbare	tenakel	tenoren	tenware	Terburg	tendeerde	tenteerde	telbureaus	generale	tenteren	Centrale	centrale	tentakel	tonsuren
ten dele	tondel	tendeer	tender	onedele	nadele	tonele	benadeel	tengel	vendel	tegendeel	toedeel	tenakel	tiende	tiendelige	tiendelig	toneel	indeel	onedel	tienden	tandeloze	tonde	Andel	tunnelde	tandde	tonale	tunnel
ten derden male	tendeerden	honderdmaal
ten dienste	tentdienst	tenminste	benedenste	teledienst	treindienst	tendensen	nadienst	leendienst	ondienst	teneinde	toldienst	tienden	tanden	tonden	tendinitis	buitendienst
ten enenmale	enenmale	tonnenmaat	treinenhal	tegenaanval	noenmaal	tienmaal	bonenmeel	tandemail
ten faveure van	turfvuren	afverven	topfavorieten	turfvaarten
ten gehore	tengere	tenger	gehore	engere	Tanghe	tengerder	teringherrie	hengelroe	Tenge	Tegeler	tendeer	Tongeren	Tongerse	teneur
ten gemeentehuize	managementtheorie
ten geschenke	tegengeschenk	tegengeschenken	toegeschenen	wegschenk	ingeschonken	inschenk	leegschonk
ten geschenke geven	
ten gevolge van	ingevlogen	teruggevlogen	aangevlogen	terugvlogen	tongewelven
ten grave dragen	tengerder
ten huize van	tehuizen	Venhuizen	botenhuizen	tolhuizen	theezeven	buitenhuizen
ten kantore	kantore	tolkantoor	tolkantoren	topkantoren	bankkantoor	gênantere	bankkantoren	kankantri	tenanten	tenant	tuinkant	Zaankanter	aankantte	tankauto
ten laste gelegde	tenlastelegging
ten laste leggen	tenlastelegging	tenlasteleggingen	telastlegging
ten onrechte	terechte	onrechte	tiendrecht	onoprechte	terecht	onrecht	tolrecht
ten overstaan van	toverstaven	aanverstorven
ten overvloede	overvloede	overvloeide	overvloed	vervloeide	Vervloed	onvervulde	overvloei
ten paleize	paleize	traploze	Nepalezen	tuinplezier	Nepalese	tandeloze	tandloze	toenmalige	Nepalees	trapeze	napluizen	napluizer	tientallige	tonale
ten stadhuize	
ten tonele	tientonner	tentakel	tenten	tentoon	tintelen	tontine	tentzeil	tintel	nationale	tontines	kantonnale	treintunnel	fontanel	notationele	tientallen	tintten
ten vervolge op	
ten vierden male	
ten voordele van	onverdorven
ter beurze	toerbeurt	Terburg	verbeurde	verbeurte	beurze	toerbeurten	verbeuren	terreur	treurde	Verberne	verbeurd	verbeurt
ter eenre zijde	treinreisje	treinreizen	terzijde	treinritje	tienertijd	troonrede	tuinzijde
ter kerke	Verkerke	Verkerk	Moerkerke
ter kerke gaan	reukorgaan	trukeren	teruggekregen	terugkregen	herkregen	terugrekenen	waterkeringen
ter ore	terriër	Terre	terre	trezorie	terres	terreur	treur	ternaire	Trevor	tere	beroer	geroer	torero	Terwee	terige	trieer	Terra	Terri	Torre	terneer	terra	Terol	Terry	error	tenor	terne	verroer	tarreer	terrine	retor	Tierie	furore	tedere	Roer	roer	teer	theorie	tireur	toer	toeroep	tree	Tiroler	Treuren	teerder	treurde	treuren	treures	teren	toevoer	toren	troef	troel	troep	Ter	ter	tor	Broer	broer	teder	teler	temer	terrein	trede	Torres	torren	Taro	Tori	rare	roro	tera	tori	treurt	turner
ter perse	trappers	werpers	traverse	traproes	terpaarde	Trepels	stropers	treffers	treilers	treiters	beroepers	reprise	treures	tappers	toppers	traproe	karpers	roepers	travers	tripels	turners	Trevors	prepress	repressie	tireurs	tapirs
ter plaatse	herplaats	verplaats	templates	voerplaats	tapplaats	topplaats	stuurplaats
ter plekke	trapleer	repliek	voerplek	treeplank	triplet	triplex	Trepels	trappelde	trippelde	traploze	tripel	tripels	triplo
ter stede	Tersteeg	trustee	teersteen	trustees	troostende	troostrede	terstond	toeriste	Ternate	testte	torste	traste	triste	troste	Eerste	breasted	eerste	perste	tersel	verste	toerustte	toeristen	toerusten	Duurstede	Torsten	berstte	beruste	geruste	terts	torsten	trasten	trosten	veraste	resette	toetste	teerst	streste	tetst	Terstall	trotse	restte	stoerste	test	preste	treedt	beurste	teersen	taste	tirette	torst	toste	Herst	berst	eerst	gerst	heerste	parsete	perst	tekst	tergt	tressen	uiterste	verst	werst	koerste	tartte	tastte	tertio	torsie	tuiste	waterstad
ter wille	Terwel	terwijl	terrible	Terwee	tortilla
ter zake	terzine	terzet	zeurzak	Tirza	strozak	etterzak	treek	terrazzo	Terink	Tarek	teerzeep	laterzaak	trezorie	trok	toereik	Tarik	tarok
ter ziele	treuzel	Herzele	terzine	toerzeiler	terrible	Terwel	tersel	terzet	korzele
terra incognita	incognita	incognito	terreineigenaar	terreinwagens	terreinwagen	recognitie	traanogen	trainingen	ringnet	haringnet	transiënt	transiënte
terra nigra	tranige	tranig	ternair	toorniger	Teering	ternaire	tering	taniger	trainer
terra sigillata	sigillata	terugslaat	terrastegels	terrastegel	triangulatie	terrasstoel	trilplaat	terrasvloer	teruggaat	neerslaat	terrasstoeltje	terugslaan	verslaat	terughaalt	troggelt	terrascultuur	teergehalte	terrasstoelen	Terstall
terug kunnen	terugkomen	terugkeken	terugzien	teruggekomen	terugdoen	teruggekeken	teruggooien	teruggezien	toerekenen	teruggaan
terug moeten	termieten	terugdoet	terugeisten
terug willen	terugvallen	terugvielen	teruggevallen	truwelen
terug zijn	terugzien	teruggezien	terugzeiden	terugzie	terugwin	terugzagen	terugzinken	terugziet	terugzond	terugrijd	terugzei	terugzend	terugziende	rugpijn	termijn	terugrijden
terzelfder tijd	tezelfdertijd	terzelfder	trapladdertje	troeteldiertje
terzijde staan	
thuis voelen	thuisvloten	thuisveld	thuishalen	thuisspelend	thuisdoelman	thuiskomen
toezicht houden	toezichthoudend	toezichthouder	toezichthoudende
tongue in cheek	tongschar	rangschik	tuinknecht
top acht	toedacht	tocht	topcoach	topisch	tracht	topische	gepacht	tophit	toedicht	toezicht	toch	teach	topic	tucht	gepachte	touche	Apache	Specht	Tenach	apache	specht	spicht	topics	veepacht
top drie	topduel	topduo	topperiode	Tordoir	topper	toupeerde	topdag	topkader	opdraai	toendra	tapir	tonder	tedere	toedraai
top honderd	Toonder	honderd	toonder	opdonderde	opdonder	ponder	tonder
top secret	topscorer	topscore	topscores	topische
top tien	topten	tipten	tapuiten	topsteen	opt-in	Tooten	topnoten	ropten	topte	toten	optie	toeten	toppen	typten	dopten	fopten	hopten	kopten	opaten	opeten	tosten	toetten	topazen	tripten	poten	tipte	toepen	toepte	Tuiten	potten	topt	tuiten	optooien	trapten	stopte	tapen	tapte	topoi	tuten	typte	putoptie
top twaalf	twaalf	toptarief	tongewelf	topatleet	topatlete	kapgewelf
top twintig	twintig	tweeëntwintig	toptalent	Tielt-Winge	toptalenten
top veertig	topoverleg	veertig	opveert	topversie	tapvormig	tovert	tovertuin	opvoering	opvoert	toevoert	tapvormige	toppertje
top vier	opvoer	tover	toevoer	topper	opveer	topvorm	Pover	pover	tapir	topoi	topic	topje	topse	topte	Tepper	tapper	toppen
top vijf	toptijd	toplijn	topwijn	topprijs	vijf	topje	tiplijn	topvorm	tapijt
top vijftien	topfitte	topfit	tapijt
top zes	topjes	topazen	topse	Tops	tops	topless	toppers	topzeil	tapes	topas	topos	opzei	topje	topte	tipse	toezei	topaas	topics	toppen	topper	toupets	tips	opzie	Potze	tapse	top	Lopez	toepas	toezie	Tepe	tape	taps	toep	topo
tot bloedens toe	toldienst	teledienst	staldienst	takeldienst	betaaldienst
tot dusver	totaliseer	toetser	tondeuse	tetser	tondeuses	totdat	Titus	toetste	totems	totoks
tot dusverre	totaliseer	toetser	totaalscore	struisveer	tetser
tot stand komen	totstandkoming
tot stikkens toe	etskunst	straatkunst
tot vervelens toe	
total loss	titelloos	talloos	cotillons	total	tittels	totaal	totale	talons	totoks	titularis	taalles	stalles	topless	totalen	Otterlose	Taylors	triatlons	titelloze	traanloos	Twellose	tomeloos	toonloos	totaliter
tout court	Tutert	teutert	toetert	Tuitert	tatert	tutter	Tuncer	tettert
training on the job	
tussen zitten	tussenzin	tussenuit	toonzetten	steenzouten	toonzette
twee derde	tweedeurs	Tweede	tedere	tweede	tendeerde	teerder	tweeden	tweeter	teder	tordeerde	tweed	weder	wedder	weider	wieder
twee tiende	wetende	testende	zwetende	twistende	tweeter	wetend	tartende	tweeden	tweetje	zwetend	tastende
twee vijfde	toewijdde	tweevouden	tweevoud	tweetje	twijnde	toewuifde	twijfel	tweetjes	toewijd	wijfie	zeewijf
uit eten	uiteten	uitmeten	uiteen	uitten	uitlieten	uittesten	uitteren	uitbeen	uiteter	uitleen	uitlaten	uitloten	uitteken	tieten	uiten	uitte	stieten	uiterton	tuitten	Quiteen	muitten	ruitten	uit-en-te-na	nietten
uit jagen	uitdagen	uitvagen	uitzagen	jagen
uit kostenoogpunt	kostenoogpunt	kostenkant	steunpunt	ratingpunt	kastengeest
uit kunnen	uitdunnen	Kunnen	kunnen	kinnen	Kuenen	kannen	kennen
uit milieuoogpunt	milieugroepen	oogpunt	uitlogen	uitmalen	uitleggen	uitloggen	omliepen
uit willen	uittillen	uitgillen	willen	wollen	Wellen	wallen	wellen	wielen
uitstaans hebben met	
upper class	uppercuts	upreclames	upreclame	operaklas	superklasse	paperclips	uppercut
upper ten	apparaten	opperen	experten	opperste	opperden	oppersen	opeten	oprekten	porten	opgereten	opportune	upper	poorten	uppercut	oppertje	sporten	Ruppert	Perton	aperte	oppert	opvreten	parten	uppers	opporren	oppotten	upkaarten	opteren	opportuun	opmeten	opperde	spurten	rapporten	exporten
ups en downs	ups-and-downs	opsneden	opendoen	openden	openduwen	openduw
urbi et orbi	arbiter	arbiters	arbitrair	arbitraire	ureter	arbitreer	arbitraal	arbitrage	arbitrale	ureters
vals spelen	valsspeler	balspelen	valappelen	taalspelen	vioolspelen	verspelen
valsheid in geschrifte	
van ambtswege	ambtswege
van binnenuit	vanbinnen	vanboven	vanbuiten	binnenin	tankbonnen	aanbenen	aanbinden	aanwinnen	santinnen	verbannen	Binnen	binnen	vinnen	nazinnen	sanbenito	Vincent	anionen	onbenut	vangnet	inbinden
van bondswege	eenbaansweg
van buiten uit	vanbuiten	vanbinnen	vanboven	aanbeten	vennoten	vonnisten	venten	vonten	inbeten	Vanuatuaan	veenputten	Verbaten	Verbeten	inboeten	verbeten
van dattum	vanadium	einddatum	Vandamme	dattum	Vanuatu	vendetta	datum	vindt	zandauto	aandamt
van dien	vandoen	vinden	vonden	aandien	vandaan	Nadien	nadien	banden	Vandana	vanen	veenden	validen	Vandalen	vandalen	vaneen	vannen	Vander	indien	manden	mandie	tanden	wanden	zanden
van gemeentezijde	managementtijd
van goeden huize	Vandenhove	Vondenhoff
van goeden wille	vingernagel
van heinde en verre	
van iets af moeten	niet-islamieten	antisemieten	niet-islamiet	ontsmetten	antisemiet	ontsmette	ontsmet
van jongs af	
van koninklijken bloede	
van krommenaas gebaren	
van likmevestje	
van moslimzijde	
van nature	venture	vanonder	volontaire	voluntaire	gênantere	venster	venter	gênanter	veenwater	Veenstra
van onzentwege	
van oudsher	vanouds	landsheer	vindster	Vander	venushaar	voedster
van overheidswege	overheidswege
van overheidszijde	overheidszijde
van stadswege	
van stavast	Stavast	stavast	aanstaat	aanstaar	instaat	nastaar	aanstaan	danstaal	kunstaas	verstaat	volstaat	roestvast	vastroest	voorstaat	steevast	vastnaai	vestaals	vunst	Valstar	Vanuatuaan	aanstevent	aansta	venster	vestaalse	kansteams	Gustavs	genaast	aanstak	aanstoots	instaan	woonstaat	roestvaste	jeansvest	Gustaves	kunstvak	vensters	vintages	winstval
van tevoren	ontvoeren	voetveren	ontvaren	voortvoeren	vlotvaren	ontvoer	onttoveren	voortvaren
van zins zijn	
ver verwijderd	verwilderd	verwilderde	verwonderd	vervoerwijze	vaatverwijdend	vervorderd	vervoerwijzen	vervoederd	verwonderde	verwijde	vervorderde	vernederd	vertederd	verwijden	verwilder
via via	vivo	Vivian	cavia	vivaria	Vissia	vive	Livia	varia	vieve	vivat	cava	visa	VII	Viviane	via	AVI	Ava	Avi	Iva	vlaai	Vivien	vulva	Vieira	VIII	Diva	Hava	Java	Lava	Ravi	Riva	Vial	Vila	Vita	Xavi	Ziva	diva	java	lava	vair	Vijve	vivre	vivace
vice versa	voice-overs	voice-over	ververs	Verviers	Victors	vicaris
video on demand	voddenmand	Doodeman	voddenman	Veneman	dodeman	Endeman	Denneman	Veeneman	Venneman	denderend	donderend	dienden	deinden	vrienden	verademend	Vaneman	veenden	veranderend	vierendelen
vier tiende	veertiende	vertiend	vertinde	vretende	vertonde	vertienden	vertind	vierende
vier vijfde	verwijdde	verijsde	verwijde	verliefde	verfijnde	vercijfer	vercijferde	rijfde	verfde	vervoegde	vrijde	viervouden	viervoud	vervuilde	vervulde	verrijd	verdijd	verijsd	verlijd	vermijd	verwijd	viertje	voorlijf	verdoofde	verloofde	vertoefde	vervaagde	vervoerde	Vervelde	vererfde	verliefd	vervelde	verfijnd	vervilte	vervaalde	vervaarde	verveelde	verveende
viola da gamba	Veldegem	videogames	veildag	videogame	veildagen	veldnaam	Veldema	velddag	vlakgom	Ladogameer	volledig	Vladimir	Volkegem	volledige	veldnamen	Volkegemse	Maldegem	Ledegem
virtual reality	vertaler-tolk	vertelseltje	vertellersstem	vertelcultuur	verteluurtje
vitamine B12	vitaminen	vitamine	vitamines
vlot trekken	voltrekken	vlotgetrokken	voltrokken	voltrokkene
vol raken	vlerken	volmaken	volraakten	volken	vorken	voltrekken	voltrokken	vloeken	Volkan	lorken	varken	volraakte	vlakken	velaren	vlokken	Volker	verken	verlakken
vol zetten	volzette	voorzetten	vletten	volvette	valnetten	valwetten	verzetten	volgieten	voorzette	vlotten	Violette	violette	voorzitten	vleten	vlette	volzet	vloekten	Vleuten	vlieten	voluten	volente	verzoetten	verzeten	volgoten
vol zitten	voorzitten	volzette	verzitten	volgieten	volzinnen	vlotten	voluten	voorzetten	volzin	violisten	volgoten	volzuigen	vletten	vlieten	verzotten	paalzitten	volvette	valnetten	valwetten	verzetten
volgens Bartjens	
voor de hand liggend	verhandelingen	vroedkundigen	verhandelen	vredehandel	verhandeling	verhandelden	verfhandelaren	vrijhandelaren
voor pampus liggen	
voor zover	voorover	voorzomer	vooroever	voortvoer	voorzeker
voors en tegens	vorstentelgen	voorstevens	voortentamens	voorsneden	voorsteden	voorsteken	voorsteven	voorsorteren	vorstgrens	voortentamen	Verstegen
vrolijke frans	vrolijker	vrolijkere	vrolijkten	voorlijker
vrouw des huizes	
vuur spuwen	vuurspuwend	vuurspuwer	verspeen	vuurshow	Verspagen	verspanen	verspelen	verspenen	verspin	voorspelen	voorspoken	vierspan	Verspui	verspan	verspon	versper	voorspan
white spirit	elitesport	uitspruit	schietsport	hotspot	hutspot	uitsproot	hutsepot	uitspaart	Weesper
wijd en zijd	wijnazijn	wijden	windzijde	Wijdenes	wijdden	wijdmazig	Weijden	wijdmazige	wijnzak	wijding
wijd open	wijden	wijdden	wijdten	Wijdeven	Weijden	wieldoppen	wijde	wijdde	wijdte	woudapen
wijn maken	fijnmaken	wijnmaker	wijsmaken	Wijnmaalen	wijnmerken	wijnzakken
willens en wetens	wallenkanten
winst nemen	winstneming	winstnames	winsten
wishful thinking	
witte wieven	toewuiven	wegwuiven	weggewoven
world wide web	
zegge en schrijve	
zero tolerance	tolerance	zwartleren	kartelrand	Port-au-Prince
ziek melden	zemel	Kiemel	zeeklei	zakgeld	zetmeel	kemel	zeekabel	Kemmel	zakmes	zeemilieu	zakkammen	zamel	zagemeel	Kimmel	cakemeel	zaksel	zeekool	bakmeel
ziekte van Ménière	
ziekte van Weil	
zij aan zij	zonzij	wijnazijn	zijanker	zijn	Jaantje	zijzak	wijnzak	Janzen	zijnen	zuilenrij	cijnzen	zwanzen
zijn pappenheimers kennen	
zijns inziens	wijnsauzen	kansenzones	zijingangen	kansenzone
zinnens zijn	mens-zijn
zitting hebbend	zittingen	zottigheden	zittingzalen	zettingen	zoetigheden
zo langzamerhand	
zo nodig	zondig	zondige	zandig	zondag	onnodig	zonnedag	zondigt	nodig	zandige	zonnig	bondig	kondig	mondig
zoet water	gietwater	toewater	zeewater	gootwater	zeepwater	zoetste	uitwater	betweter	zakwater	zoutweger
zorg dragen	zorgdragend	zorgvragen	zorgdragende
zwart geld	zwart-gele	zwart-geel	zwartige	zwartgeklede	zwartigheid	zwartogen	zwartgekleed	zwartig
à charge	charge	Schrage	achtige	achturige	lacherige	schraag	achtig
à contrecoeur	contrecoeur	controleur	contramoer	centercourt	contracteer	contractuur	ontroer	controleer	centreer	controller	entreedeur
à gogo	agoog	agoge	agogie	gogo	goog
à la carte	Allaart	Allart	alerte	ecarté	allocatie	oliecarter	accurate	alert	elaboratie	escorte	inaccurate	Allert	Aldert	electie
à la minute	eliminatie	illuminatie	laminaat	aluminium	belminuut	Almense	alumnus	culminatie	element	klimnet	clemente	filament	Ament	amant	clementie	elimineer	eliminaties	Elmina	elementen	elementje	Clement	Clément	Klement	Olmense	clement
à propos	propos	prop	après	inprop	opprop	oprook	opkroop	oppropt	opkrop	oproep	oproepers	Erps	erop	ophoop	opkoop	oploop	opzoop	Europa	oproei	Oprins	oprijs	oproept	oppor	oprol	oprot	Europees	Europese	oproepen	epopee	oprees	oproer
éminence grise	
