's-Gravenhage	Gravenhage	Gravenhaags	gravenhuis
's-Hertogenbosch	Hertogenbosch
06	A	B	C	D	E	F	H	I	L	M	O	P	S	T	U	V	W	X	Y	Z	a	c	d	e	f	g	h	i	j	k	l	m	n	o	p	q	r	s	t	u	v	w	x	y	z	à
06-nummer	nummer	A-nummer	E-nummer	nimmer	finummer	Numeri	numero	nummers	nummert	nemer	Summer	hummer	summer	noemer	nummerde
1-jarig	jarig	jarige	Jaring	harig	karig	Jari	Jorg	Jurg	Jair	Jaro	Jorge	jarigen	Craig	Jairs	Jara	Jiri	Jori	Juri	jaag
1-jarige	jarige	jarig	jarigen	harige	karige	Jorge	Jaring	Jari	Jorg	Jurg	Jarre
10-jarig	jarig	jarige	Jaring	harig	karig	Jari	Jorg	Jurg	Jair	Jaro	Jorge	jarigen	Craig	Jairs	Jara	Jiri	Jori	Juri	jaag
10-jarige	jarige	jarig	jarigen	harige	karige	Jorge	Jaring	Jari	Jorg	Jurg	Jarre
10-tal	tal	taal	tale	taël	tl	tel	til	tol	tul	stal	talg	talk	talm	Talia	ral	tak	talie	Ta	Tell	Tiel	Till	Tolo	teel	teil	tele	tool	tuil	tule	Al	al	Tai	Tao	tai	Kal	Lal	Sal	Tam	Tan	Tax	Val	Wal	aal	bal	dal	gal	hal	kal	lal	mal	pal	tab	taf	tag	tam	tap	tas
100-jarig	jarig	jarige	Jaring	harig	karig	Jari	Jorg	Jurg	Jair	Jaro	Jorge	jarigen	Craig	Jairs	Jara	Jiri	Jori	Juri	jaag
100-tal	tal	taal	tale	taël	tl	tel	til	tol	tul	stal	talg	talk	talm	Talia	ral	tak	talie	Ta	Tell	Tiel	Till	Tolo	teel	teil	tele	tool	tuil	tule	Al	al	Tai	Tao	tai	Kal	Lal	Sal	Tam	Tan	Tax	Val	Wal	aal	bal	dal	gal	hal	kal	lal	mal	pal	tab	taf	tag	tam	tap	tas
11	A	B	C	D	E	F	H	I	L	M	O	P	S	T	U	V	W	X	Y	Z	a	c	d	e	f	g	h	i	j	k	l	m	n	o	p	q	r	s	t	u	v	w	x	y	z	à
11-jarig	jarig	jarige	Jaring	harig	karig	Jari	Jorg	Jurg	Jair	Jaro	Jorge	jarigen	Craig	Jairs	Jara	Jiri	Jori	Juri	jaag
11-jarige	jarige	jarig	jarigen	harige	karige	Jorge	Jaring	Jari	Jorg	Jurg	Jarre
12-jarig	jarig	jarige	Jaring	harig	karig	Jari	Jorg	Jurg	Jair	Jaro	Jorge	jarigen	Craig	Jairs	Jara	Jiri	Jori	Juri	jaag
12-jarige	jarige	jarig	jarigen	harige	karige	Jorge	Jaring	Jari	Jorg	Jurg	Jarre
13-jarig	jarig	jarige	Jaring	harig	karig	Jari	Jorg	Jurg	Jair	Jaro	Jorge	jarigen	Craig	Jairs	Jara	Jiri	Jori	Juri	jaag
13-jarige	jarige	jarig	jarigen	harige	karige	Jorge	Jaring	Jari	Jorg	Jurg	Jarre
14-jarig	jarig	jarige	Jaring	harig	karig	Jari	Jorg	Jurg	Jair	Jaro	Jorge	jarigen	Craig	Jairs	Jara	Jiri	Jori	Juri	jaag
14-jarige	jarige	jarig	jarigen	harige	karige	Jorge	Jaring	Jari	Jorg	Jurg	Jarre
15-jarig	jarig	jarige	Jaring	harig	karig	Jari	Jorg	Jurg	Jair	Jaro	Jorge	jarigen	Craig	Jairs	Jara	Jiri	Jori	Juri	jaag
15-jarige	jarige	jarig	jarigen	harige	karige	Jorge	Jaring	Jari	Jorg	Jurg	Jarre
16-jarig	jarig	jarige	Jaring	harig	karig	Jari	Jorg	Jurg	Jair	Jaro	Jorge	jarigen	Craig	Jairs	Jara	Jiri	Jori	Juri	jaag
16-jarige	jarige	jarig	jarigen	harige	karige	Jorge	Jaring	Jari	Jorg	Jurg	Jarre
17-jarig	jarig	jarige	Jaring	harig	karig	Jari	Jorg	Jurg	Jair	Jaro	Jorge	jarigen	Craig	Jairs	Jara	Jiri	Jori	Juri	jaag
17-jarige	jarige	jarig	jarigen	harige	karige	Jorge	Jaring	Jari	Jorg	Jurg	Jarre
17e-eeuws	eeuws	eeuwse	reeuws	Leeuws	Meeuws	Zeeuws	reeuwse	reeuw	eeuw	Leeuwis	Leeuwse	Meeuwis	Meeuwse	Zeeuwse	Leeuw	Teeuw	Zeeuw	geeuw	leeuw	meeuw	Leeuwe	Nieuws	nieuws
18-jarig	jarig	jarige	Jaring	harig	karig	Jari	Jorg	Jurg	Jair	Jaro	Jorge	jarigen	Craig	Jairs	Jara	Jiri	Jori	Juri	jaag
18-jarige	jarige	jarig	jarigen	harige	karige	Jorge	Jaring	Jari	Jorg	Jurg	Jarre
19e-eeuws	eeuws	eeuwse	reeuws	Leeuws	Meeuws	Zeeuws	reeuwse	reeuw	eeuw	Leeuwis	Leeuwse	Meeuwis	Meeuwse	Zeeuwse	Leeuw	Teeuw	Zeeuw	geeuw	leeuw	meeuw	Leeuwe	Nieuws	nieuws
1e	E	e	ie	Be	De	He	Le	ME	Te	Ye	be	de	ge	he	je	me	re	se	te	we	ze	EU	ei	EG	EK	Ed	El	W	eb	eg	el	en	er	es	et	ex	r	w	A	I	O	U	a	i	o	u	à	B	C	D
2-jarig	jarig	jarige	Jaring	harig	karig	Jari	Jorg	Jurg	Jair	Jaro	Jorge	jarigen	Craig	Jairs	Jara	Jiri	Jori	Juri	jaag
2-jarige	jarige	jarig	jarigen	harige	karige	Jorge	Jaring	Jari	Jorg	Jurg	Jarre
20-jarig	jarig	jarige	Jaring	harig	karig	Jari	Jorg	Jurg	Jair	Jaro	Jorge	jarigen	Craig	Jairs	Jara	Jiri	Jori	Juri	jaag
20-jarige	jarige	jarig	jarigen	harige	karige	Jorge	Jaring	Jari	Jorg	Jurg	Jarre
20-tal	tal	taal	tale	taël	tl	tel	til	tol	tul	stal	talg	talk	talm	Talia	ral	tak	talie	Ta	Tell	Tiel	Till	Tolo	teel	teil	tele	tool	tuil	tule	Al	al	Tai	Tao	tai	Kal	Lal	Sal	Tam	Tan	Tax	Val	Wal	aal	bal	dal	gal	hal	kal	lal	mal	pal	tab	taf	tag	tam	tap	tas
21	A	B	C	D	E	F	H	I	L	M	O	P	S	T	U	V	W	X	Y	Z	a	c	d	e	f	g	h	i	j	k	l	m	n	o	p	q	r	s	t	u	v	w	x	y	z	à
21-jarig	jarig	jarige	Jaring	harig	karig	Jari	Jorg	Jurg	Jair	Jaro	Jorge	jarigen	Craig	Jairs	Jara	Jiri	Jori	Juri	jaag
21-jarige	jarige	jarig	jarigen	harige	karige	Jorge	Jaring	Jari	Jorg	Jurg	Jarre
22-jarige	jarige	jarig	jarigen	harige	karige	Jorge	Jaring	Jari	Jorg	Jurg	Jarre
23-jarige	jarige	jarig	jarigen	harige	karige	Jorge	Jaring	Jari	Jorg	Jurg	Jarre
24	A	B	C	D	E	F	H	I	L	M	O	P	S	T	U	V	W	X	Y	Z	a	c	d	e	f	g	h	i	j	k	l	m	n	o	p	q	r	s	t	u	v	w	x	y	z	à
24-jarig	jarig	jarige	Jaring	harig	karig	Jari	Jorg	Jurg	Jair	Jaro	Jorge	jarigen	Craig	Jairs	Jara	Jiri	Jori	Juri	jaag
24-jarige	jarige	jarig	jarigen	harige	karige	Jorge	Jaring	Jari	Jorg	Jurg	Jarre
25-jarig	jarig	jarige	Jaring	harig	karig	Jari	Jorg	Jurg	Jair	Jaro	Jorge	jarigen	Craig	Jairs	Jara	Jiri	Jori	Juri	jaag
25-tal	tal	taal	tale	taël	tl	tel	til	tol	tul	stal	talg	talk	talm	Talia	ral	tak	talie	Ta	Tell	Tiel	Till	Tolo	teel	teil	tele	tool	tuil	tule	Al	al	Tai	Tao	tai	Kal	Lal	Sal	Tam	Tan	Tax	Val	Wal	aal	bal	dal	gal	hal	kal	lal	mal	pal	tab	taf	tag	tam	tap	tas
26-jarige	jarige	jarig	jarigen	harige	karige	Jorge	Jaring	Jari	Jorg	Jurg	Jarre
27-jarige	jarige	jarig	jarigen	harige	karige	Jorge	Jaring	Jari	Jorg	Jurg	Jarre
28-jarige	jarige	jarig	jarigen	harige	karige	Jorge	Jaring	Jari	Jorg	Jurg	Jarre
29-jarige	jarige	jarig	jarigen	harige	karige	Jorge	Jaring	Jari	Jorg	Jurg	Jarre
2e	E	e	ie	Be	De	He	Le	ME	Te	Ye	be	de	ge	he	je	me	re	se	te	we	ze	EU	ei	EG	EK	Ed	El	W	eb	eg	el	en	er	es	et	ex	r	w	A	I	O	U	a	i	o	u	à	B	C	D
3-cijferig	cijferig	cijferige	cijferring	cijfer	cijfers	cijfert	cijferde	cijferen
3-jarig	jarig	jarige	Jaring	harig	karig	Jari	Jorg	Jurg	Jair	Jaro	Jorge	jarigen	Craig	Jairs	Jara	Jiri	Jori	Juri	jaag
3-jarige	jarige	jarig	jarigen	harige	karige	Jorge	Jaring	Jari	Jorg	Jurg	Jarre
3-tal	tal	taal	tale	taël	tl	tel	til	tol	tul	stal	talg	talk	talm	Talia	ral	tak	talie	Ta	Tell	Tiel	Till	Tolo	teel	teil	tele	tool	tuil	tule	Al	al	Tai	Tao	tai	Kal	Lal	Sal	Tam	Tan	Tax	Val	Wal	aal	bal	dal	gal	hal	kal	lal	mal	pal	tab	taf	tag	tam	tap	tas
30-jarig	jarig	jarige	Jaring	harig	karig	Jari	Jorg	Jurg	Jair	Jaro	Jorge	jarigen	Craig	Jairs	Jara	Jiri	Jori	Juri	jaag
30-jarige	jarige	jarig	jarigen	harige	karige	Jorge	Jaring	Jari	Jorg	Jurg	Jarre
31-jarige	jarige	jarig	jarigen	harige	karige	Jorge	Jaring	Jari	Jorg	Jurg	Jarre
32-jarige	jarige	jarig	jarigen	harige	karige	Jorge	Jaring	Jari	Jorg	Jurg	Jarre
33-jarige	jarige	jarig	jarigen	harige	karige	Jorge	Jaring	Jari	Jorg	Jurg	Jarre
34-jarige	jarige	jarig	jarigen	harige	karige	Jorge	Jaring	Jari	Jorg	Jurg	Jarre
35-jarig	jarig	jarige	Jaring	harig	karig	Jari	Jorg	Jurg	Jair	Jaro	Jorge	jarigen	Craig	Jairs	Jara	Jiri	Jori	Juri	jaag
35-jarige	jarige	jarig	jarigen	harige	karige	Jorge	Jaring	Jari	Jorg	Jurg	Jarre
36-jarige	jarige	jarig	jarigen	harige	karige	Jorge	Jaring	Jari	Jorg	Jurg	Jarre
37-jarige	jarige	jarig	jarigen	harige	karige	Jorge	Jaring	Jari	Jorg	Jurg	Jarre
38-jarige	jarige	jarig	jarigen	harige	karige	Jorge	Jaring	Jari	Jorg	Jurg	Jarre
39-jarige	jarige	jarig	jarigen	harige	karige	Jorge	Jaring	Jari	Jorg	Jurg	Jarre
3D	D	AD	ED	ID	CD	UD	DE	DO	DA	DI	DU	DÉ	F	S	DB	DC	DJ	DL	DM	A	B	C	E	H	I	L	M	O	P	T	U	V	W	X	Y	Z	G
3D-visualisatie	Visualisatie	Devaluatie	Dislocatie	Visualiseer	Visagiste	Dakisolatie	Dualist	Violiste	Visagist	Vitalist
3M	M	MM	AM	FM	CM	DM	KM	NM	OM	SM	MA	ME	MO	MI	MU	MB	MW	MX	MG	ML	MP	MS	N	A	B	C	D	E	F	H	I	L	O	P	S	T	U	V	W	X	Y
4-leerling	leerling	leerlinge	Leering	Beerling	Geerling	meerling	teerling	kleurling	lering
40-jarig	jarig	jarige	Jaring	harig	karig	Jari	Jorg	Jurg	Jair	Jaro	Jorge	jarigen	Craig	Jairs	Jara	Jiri	Jori	Juri	jaag
40-jarige	jarige	jarig	jarigen	harige	karige	Jorge	Jaring	Jari	Jorg	Jurg	Jarre
41-jarige	jarige	jarig	jarigen	harige	karige	Jorge	Jaring	Jari	Jorg	Jurg	Jarre
42-jarige	jarige	jarig	jarigen	harige	karige	Jorge	Jaring	Jari	Jorg	Jurg	Jarre
43-jarige	jarige	jarig	jarigen	harige	karige	Jorge	Jaring	Jari	Jorg	Jurg	Jarre
44-jarige	jarige	jarig	jarigen	harige	karige	Jorge	Jaring	Jari	Jorg	Jurg	Jarre
46-jarige	jarige	jarig	jarigen	harige	karige	Jorge	Jaring	Jari	Jorg	Jurg	Jarre
47-jarige	jarige	jarig	jarigen	harige	karige	Jorge	Jaring	Jari	Jorg	Jurg	Jarre
48-jarige	jarige	jarig	jarigen	harige	karige	Jorge	Jaring	Jari	Jorg	Jurg	Jarre
49-jarige	jarige	jarig	jarigen	harige	karige	Jorge	Jaring	Jari	Jorg	Jurg	Jarre
4wd	wad	wed	Ed	D	W	d	w	AD	Ad	ID	WA	WK	WW	Wu	ad	cd	id	ud	wc	we
50-jarig	jarig	jarige	Jaring	harig	karig	Jari	Jorg	Jurg	Jair	Jaro	Jorge	jarigen	Craig	Jairs	Jara	Jiri	Jori	Juri	jaag
50-jarige	jarige	jarig	jarigen	harige	karige	Jorge	Jaring	Jari	Jorg	Jurg	Jarre
50-plusser	plusser	plasser	plisseer	plussers	pulseer	blusser	klusser	plussen	pulsar	Pelser	pelser	Lisser	pisser	Pluister	plassers	Losser	lasser	losser	passer
51-jarige	jarige	jarig	jarigen	harige	karige	Jorge	Jaring	Jari	Jorg	Jurg	Jarre
52-jarige	jarige	jarig	jarigen	harige	karige	Jorge	Jaring	Jari	Jorg	Jurg	Jarre
53-jarige	jarige	jarig	jarigen	harige	karige	Jorge	Jaring	Jari	Jorg	Jurg	Jarre
56-jarige	jarige	jarig	jarigen	harige	karige	Jorge	Jaring	Jari	Jorg	Jurg	Jarre
57-jarige	jarige	jarig	jarigen	harige	karige	Jorge	Jaring	Jari	Jorg	Jurg	Jarre
59-jarige	jarige	jarig	jarigen	harige	karige	Jorge	Jaring	Jari	Jorg	Jurg	Jarre
6-tal	tal	taal	tale	taël	tl	tel	til	tol	tul	stal	talg	talk	talm	Talia	ral	tak	talie	Ta	Tell	Tiel	Till	Tolo	teel	teil	tele	tool	tuil	tule	Al	al	Tai	Tao	tai	Kal	Lal	Sal	Tam	Tan	Tax	Val	Wal	aal	bal	dal	gal	hal	kal	lal	mal	pal	tab	taf	tag	tam	tap	tas
60-jarig	jarig	jarige	Jaring	harig	karig	Jari	Jorg	Jurg	Jair	Jaro	Jorge	jarigen	Craig	Jairs	Jara	Jiri	Jori	Juri	jaag
60-jarige	jarige	jarig	jarigen	harige	karige	Jorge	Jaring	Jari	Jorg	Jurg	Jarre
60-tal	tal	taal	tale	taël	tl	tel	til	tol	tul	stal	talg	talk	talm	Talia	ral	tak	talie	Ta	Tell	Tiel	Till	Tolo	teel	teil	tele	tool	tuil	tule	Al	al	Tai	Tao	tai	Kal	Lal	Sal	Tam	Tan	Tax	Val	Wal	aal	bal	dal	gal	hal	kal	lal	mal	pal	tab	taf	tag	tam	tap	tas
61-jarige	jarige	jarig	jarigen	harige	karige	Jorge	Jaring	Jari	Jorg	Jurg	Jarre
62-jarige	jarige	jarig	jarigen	harige	karige	Jorge	Jaring	Jari	Jorg	Jurg	Jarre
63-jarige	jarige	jarig	jarigen	harige	karige	Jorge	Jaring	Jari	Jorg	Jurg	Jarre
64-jarige	jarige	jarig	jarigen	harige	karige	Jorge	Jaring	Jari	Jorg	Jurg	Jarre
65+-kaart	kaart	Z-kaart	e-kaart	kart	karate	kaartte	gekaart	krat	nakaart	karet	karot	karaat	kaardt	klaart	Kaat	kaar	kraait	Aart	aart	Kurt	kirt	kort	kaait	kwart	Baart	baart	gaart	haart	kaakt	kaamt	kaapt	kaard	kaars	kaast	maart	paart	taart	vaart	waart	Koert	keert	keurt	kiert	koert	kuurt	kartte	klaarte	Kara	krot	Kroaat	karts	klaar	kaarter	kaartje	kar	kat
65-jarig	jarig	jarige	Jaring	harig	karig	Jari	Jorg	Jurg	Jair	Jaro	Jorge	jarigen	Craig	Jairs	Jara	Jiri	Jori	Juri	jaag
65-jarige	jarige	jarig	jarigen	harige	karige	Jorge	Jaring	Jari	Jorg	Jurg	Jarre
66-jarige	jarige	jarig	jarigen	harige	karige	Jorge	Jaring	Jari	Jorg	Jurg	Jarre
67-jarige	jarige	jarig	jarigen	harige	karige	Jorge	Jaring	Jari	Jorg	Jurg	Jarre
68-jarige	jarige	jarig	jarigen	harige	karige	Jorge	Jaring	Jari	Jorg	Jurg	Jarre
69-jarige	jarige	jarig	jarigen	harige	karige	Jorge	Jaring	Jari	Jorg	Jurg	Jarre
7-jarig	jarig	jarige	Jaring	harig	karig	Jari	Jorg	Jurg	Jair	Jaro	Jorge	jarigen	Craig	Jairs	Jara	Jiri	Jori	Juri	jaag
7-jarige	jarige	jarig	jarigen	harige	karige	Jorge	Jaring	Jari	Jorg	Jurg	Jarre
7-tal	tal	taal	tale	taël	tl	tel	til	tol	tul	stal	talg	talk	talm	Talia	ral	tak	talie	Ta	Tell	Tiel	Till	Tolo	teel	teil	tele	tool	tuil	tule	Al	al	Tai	Tao	tai	Kal	Lal	Sal	Tam	Tan	Tax	Val	Wal	aal	bal	dal	gal	hal	kal	lal	mal	pal	tab	taf	tag	tam	tap	tas
71-jarige	jarige	jarig	jarigen	harige	karige	Jorge	Jaring	Jari	Jorg	Jurg	Jarre
72-jarige	jarige	jarig	jarigen	harige	karige	Jorge	Jaring	Jari	Jorg	Jurg	Jarre
73-jarige	jarige	jarig	jarigen	harige	karige	Jorge	Jaring	Jari	Jorg	Jurg	Jarre
74-jarige	jarige	jarig	jarigen	harige	karige	Jorge	Jaring	Jari	Jorg	Jurg	Jarre
75-jarig	jarig	jarige	Jaring	harig	karig	Jari	Jorg	Jurg	Jair	Jaro	Jorge	jarigen	Craig	Jairs	Jara	Jiri	Jori	Juri	jaag
75-jarige	jarige	jarig	jarigen	harige	karige	Jorge	Jaring	Jari	Jorg	Jurg	Jarre
76-jarige	jarige	jarig	jarigen	harige	karige	Jorge	Jaring	Jari	Jorg	Jurg	Jarre
77-jarige	jarige	jarig	jarigen	harige	karige	Jorge	Jaring	Jari	Jorg	Jurg	Jarre
78-jarige	jarige	jarig	jarigen	harige	karige	Jorge	Jaring	Jari	Jorg	Jurg	Jarre
79-jarige	jarige	jarig	jarigen	harige	karige	Jorge	Jaring	Jari	Jorg	Jurg	Jarre
8-tal	tal	taal	tale	taël	tl	tel	til	tol	tul	stal	talg	talk	talm	Talia	ral	tak	talie	Ta	Tell	Tiel	Till	Tolo	teel	teil	tele	tool	tuil	tule	Al	al	Tai	Tao	tai	Kal	Lal	Sal	Tam	Tan	Tax	Val	Wal	aal	bal	dal	gal	hal	kal	lal	mal	pal	tab	taf	tag	tam	tap	tas
80-jarige	jarige	jarig	jarigen	harige	karige	Jorge	Jaring	Jari	Jorg	Jurg	Jarre
81-jarige	jarige	jarig	jarigen	harige	karige	Jorge	Jaring	Jari	Jorg	Jurg	Jarre
83-jarige	jarige	jarig	jarigen	harige	karige	Jorge	Jaring	Jari	Jorg	Jurg	Jarre
86-jarige	jarige	jarig	jarigen	harige	karige	Jorge	Jaring	Jari	Jorg	Jurg	Jarre
90-jarig	jarig	jarige	Jaring	harig	karig	Jari	Jorg	Jurg	Jair	Jaro	Jorge	jarigen	Craig	Jairs	Jara	Jiri	Jori	Juri	jaag
90-jarige	jarige	jarig	jarigen	harige	karige	Jorge	Jaring	Jari	Jorg	Jurg	Jarre
A-akte	Akte	Haakte	Kaakte	Laakte	Maakte	Naakte	Raakte	Taakte	Waakte	Aapte	Bakte	Gakte	Hakte	Kakte	Lakte	Pakte	Takte	Zakte	Mo-akte	Skate	Kate	Aafke	Akten	Aktes	Aalt	Sake	Aat	Ate	Aak	Haket	Faket	Haakt	Kaakt	Laakt	Maakt	Naakt	Raakt	Raket	Taakt	Waakt	Fakete	Paukte	Afke	Aike	Akke	Amke	Anke	Arke	Auke	Aait	Aaks	Aart	Akse	Ante	Hake	Jaakke	Jake	Lake	Take	Aagt	Aamt	Aapt	Aast	Bakt	Cake	Fake	Hakt	Kakt	Lakt	Make	Makt	Pakt	Rake	Takt	Vake	Wake	Zake
A-woning	Woning	Inwoning	Bewoning	Afwenning	Inning	Agonie
A3	A	À	AA	AI	AU	AD	AM	AB	AK	AL	AN	AS	AX	AF	AH	AR	AT	IA	S	BA	HA	KA	LA	MA	TA	WA	DA	FA	GA	JA	NA	PA	RA
A4-formaat	Formaat	Afroomt	Afremt	Afmaait	Afraadt	Afraakt	Afraapt	Afraast	Affirmatie	Afmat	Forma	Afmaai	Afraad	Afraag	Afraak	Afraas	Eufraat	Afrost	Froma	Afraakte	Afruimt	Aroma	Afvorm	Firma	Afkomt	Afra	Form	Afkamt	Afrolt	Afmatte	Afrit	Afroeit	Farma
AOV'er	AOV 'er	AOV-'er	Over	Oever	Uiver	Ever	Alver	Eivoer	Hover	Pover	Rover	Cover	Dover	Lover	Tover	Zover	Afvoer	Moveer	AVRO	Voer	Omver	Overs	Amoer	Ivor	Aper	Ober	AOV	Ave	Evere	Ivar	Oer	Ver	Waver	Daver	Gaver	Haver	Hoever	Ivoor	Loever	Povere	ANVR	Amer	Bove	Cove	Hove	Oder	Omer	Ader	Aker	Aves	Dove	Move	Oker	Oven	Oxer	Erover	Enver
AOW'er	AOW 'er	AOW-'er	Oweeër	Uwer	Power	Afweer	Alweer	Souwer	Amoer	Aper	AOW	Awara	Awari	Oer	Zwoer	Awater	Onweer	Kouwer	Nowee	Pouwer	Ageer	Aleer	Bouwer	Houwer	Rouwer	Touwer	Weer	Wier	Amer	Oder	Omer	Over	Owen	Ader	Aker	Awel	Ober	Oker	Oxer	Eeuwer	Gauwer	Lauwer	Nauwer	Rauwer	Anwar	Amier	Asser	Azier	Adder	Agger	Akker	Aller	Duwer	Luwer	Ruwer	Are	Ore	AWW	Ier	Aero	Afwoei	Air	Eer	Ouwe	Wee	Aboe	Amor	Ar	Arre	Er	Or	We	Woei	Oane	Acre	Oase	AAW	ANW	Aar	Oei	Uwe	Wei	Anw	Oir	Oor	War
Az.	Azc	Ax	A	Z	Iz	Kaz	Paz	AD	AM	Aa	Ab	Ad	Ai	Ak	Al	An	As	Au	Hz	KZ	Af	Ah	Ar	At
B-52	B	BA	BE	BO	BI	BG	BS	BV	BW	BQ	BH	BY	V	N	AB	GB	KB	MB	NB	TB	DB	EB	UB	A	C	D	E	F	H	I	L	M	O	P	S	T	U	W	X	Y	Z
B-52-bommenwerper	Bommenwerper	Bommenwerpers	Duikbommenwerper	Vlammenwerper
B-injectie	Bijectie	Injectie
B12	B	BA	BE	BO	BI	BG	BS	BV	BW	BQ	BH	BY	V	N	AB	GB	KB	MB	NB	TB	DB	EB	UB	A	C	D	E	F	H	I	L	M	O	P	S	T	U	W	X	Y	Z
BN'er	Benner	Banier	Bender	Bonder	Binder	Bonker	Bonter	Bunder	Bunker	Bonnier	Baer	Boer	Neer	Noer	Beer	Bier	Binair	Nier	Ener	Bauer	Beier	Bader	Bayer	Bemer	Bever	Beyer	Bomer	Broer	Buser	Buter	Baker	Beker	Beter	Biker	Boter	Boxer	Bozer	Béter	Knier	Oneer	Sneer	Snoer	Bern	BBE	Berner	Bone	Borner	Nero	Bene	Bere	Beur	Nee	Behr	Bet	Be	Bare	Biere	Boere	Bree	Breur	Banen	Benen	Bonen	Onera	Neb	Bea	Ben	Bor	NUR	Neo	Nur	Bar	Bei	Beo	Beu	Bie	Boe	Nar	Nor	Ane	BKR	BSE
BS'er	BS 'er	BS-'er	Buser	Busser	Baseer	Bisser	Boeser	Baer	BSE	SER	Bauer	Bester	Bosker	Busker	Buster	Bister	Boer	Soer	Beer	Bier	Sier	Eser	Bare	Baers	Beier	Base	Sera	Seri	Bar	Bere	Beur	Bitser	Behr	BS	Be	Se	Boers	Biere	Boere	Seb	BBE	Bea	Bor	Bei	Beo	Bes	Beu	Bie	Boe	Sar	Bres	Best	Bess
Bermuda's	Bermuda 's	Bermuda-'s	Bermuda	Bermudaans	Bermudaan	Bermudaanse	Bernds	Bereids	Berman
C14-datering	Catering	Datering	Coterie	Dateer	Carter	Coaster	Criteria	Coster	Citer	Cetera	Cutter	Center	Catarre
C14-methode	Methode	Methoden	Methodes
CDA'er	CDA 'er	CDA-'er	Ceder	Cider	Codeer	Dader	Codeur	Vader	Cadet	Care	Ader	CDA	Dar	Der	Bader	Clare	Kader	Nader	Lader	Rader	Daar	Deer	Dier	Cher	Eder	Oder	Dear
CO₂-heffing	Cheffin	Cheung	Chef	Ching	Cheffinnen	Chiffon	Coffie	Cohesie	Chiang	Chung	Chefs	Heffe	Schoffie
CO₂-probleem	Loopprobleem	Probleem	Fileprobleem	Eetprobleem	Luxeprobleem	Taalprobleem	Problemen
Chin.	China	Chun	Chiën	Chan	Chen	Ching	Cihan	Chi	Cohen	Schin	Cain	Chiu	Shin	Chic	Chip
D66-fractie	Diffractie	CDA-fractie	VVD-fractie	Fractie	Refractie	Directie
EHBO'er	EHBO 'er	EHBO-'er	Heiboer	EHBO	Hebber	Hobuer	Eiber	Euboea	Hebe	Ober	Huber	Hoeboer	Ebo	Hbo	Oehoe	Aboe	Ebbe	Über
F-16	F	FU	FÉ	FA	FM	D	G	AF	OF	SF	A	B	C	E	H	I	L	M	O	P	S	T	U	V	W	X	Y	Z	J	K	N	Q	R
F-16-gevechtsvliegtuig	Gevechtsvliegtuig	NAVO-gevechtsvliegtuig	Gevechtsvliegtuigen
H.K.H.	KHO	HAK	HEK	HIK	HOK	HUK	HAKE	HAHA	HÈHÈ	HEKS	HOKS	HAKT	HIGH	HIKT	HOKT	HUKT	SIKH	HOKKE	HOEK	HAAK	HEEK	HUIK	SHEIKH	HEIKE	HEIKO	HIEKE	HOEKE	HAIKU
H5N1	HAN	HUN	HEN	H	N	HA	HE	HO	HU	HÈ	HÉ	AN	HZ	VN	EN	HG	HL	HR	IN	ON
H5N1-virus	Hiv-virus	Hivvirus	Honoris	Henries	Invries	Honneurs	Envers	Invers	Honduras	Hoevers	Honders	Horvers	Knuvers	Hangars	Hangers	Havoërs	ANVR	Inverse	Hever	Hover	Haver	Enver	Onvree
IT'er	IT 'er	IT-'er	Itter	Otter	Eter	Etter	Outer	Tier	Inter	Ier	Ite	Ter	Titer	Inteer	Piter	Citer	Liter	Teer	Toer	Iker	Ites	STER	Item	Ster	Atar	Stier	Iet	Tera	Tere	IR	IT	Te	Er	Ie	Uier
IT'ers	Otters	Eters	Etters	Uterus	Iers	Ites	Piters	Citers	Liters	Itter	Teers	Ikers	Items	Uitpers	Ditters	Sitters	Bitters	Fitters	Vitters	Witters	Zitters	Etsers	Uitreis	Auteurs	Tier	Tres	Ierse	Oers	Iets	Inter	Tera	Ier	Ite	Ter	Uiers	Uiterst	Dieters	Imres	Pieters	Gieters	Mieters	Nieters	Stres	Titer	Piter	Citer	Liter	Asters	Ates	Esters	Eter	Tere	Tors	Kuiters	Muiters	Ruiters
K2-top	EU-top	Krop	Kop	Top	Kato	Koop	Koto	Klop	Knop	Stop	Kotor	Knoop	Kroop	Kot	Kroep	Kopt	Kip	Koep	Tip	Toep	Topo	Kota	Koti	Kapo	Koot	Koopt	Kots	Kipp	Kuip	Stoop	Stoep	Kup	Kap	Tap	Dtp	Ftp	Ktv	Kaap	Keep	Kiep
Lloyd's-lid	Lloyds	Lloyd	Floyds	Lydies	Loyaal	Loyale	Lydia	Lydie	Loods	Lords	Leslie
ME'er	ME 'er	ME-'er	Meer	Méér	Meier	Mere	Meere	Moeër	Mer	Meur	Mier	Moer	Meyer	Meter	Moere	Maier	Mauer	Meern	Meers	Meert	Mare	Neer	Meet	More	Mee	Eer	Mir	Mar	Mor	Smeer	Heer	Meek	Mees	Peer	Beer	Deer	Geer	Keer	Leer	Meed	Meel	Meen	Teer	Veer	Weer	Zeer	Moor	Maar	Muur
Mgr.	Mg	Mir	Mar	Mer	Mor
NSB'er	NSB 'er	NSB-'er	Naber	Saber	Sober	NSB	Nabbe	Nasser	Sabber	Nieboer	Nobbe	Nebbe	Sobere	Nab	Nasr	Sneb	NB	NS	Niobe	Nisse	Sabir	Nesse	Seb	Neb	Nes	Niobes
NT2	NTU	NTG	NOT	NAT	NET	NUT	T	N	ENT	INT	CT	IT	NB	NK	NS	NG	OT	AT	ET	NA	NM	NO	NU	NV	UT
NT2-onderwijs	Natuuronderwijs	Stelonderwijs	Eenonderwijs	Dagonderwijs	Vakonderwijs	Kunstonderwijs	Eindonderwijs
PSV'er	Pover	Pisvee	Passer	Pisser	Poseer	Povere	Poster	Pulver	Passeer	Paasvuur	Pistier	Plevier	Pluvier	Posteer	Poseur	Palaver	Passiever	Pose	Gasveer	Save	Pst	Pasvorm	PS	Paes	Pasar	Passe	Pasen	Puister	Pasje	Paste	Piaster	Piste	Posen	Poses	Poste	Proever	Prove	Puste	PVV	Pees	Pies	Poes	Prevo
Papoea's	Papoea 's	Papoea-'s	Papoeaas	Papoease	Papoea	Pappies	Popes	Paps	Pepes	Papers	Papjes
PvdA'er	PvdA 'er	PvdA-'er	Vader	PvdA	Pover	Veder	Padie	Vedder	Poeder	Pudeur	Pander	Pagadder	Pavane	Polder	Ponder	Porder	Gevader	PvdD	Peda	Pede	PvdV	Pandoer	Voeder	Poverder	Povere	Pad	Veda	Vide	Vodde	Parade	Peetvader	Padua	Pedro	Podia	Video	PVV	VVD	Paddo	Meevader
SS'er	SER	Sauer	Soer	Sier	Souer	Sera	Seri	Sar	Sire	Saar	Siera	Soera	Asser	Esser	Eser	STER	Sper	Ster	Sour	Suur
V1-bom	A-bom	H-bom	Bom	Vbo	Vmbo	Vroom	Boom	Boem	Vim	Vorm	Vrome	Bam	IBM	Vaam	Veem	Velm	Vlam
VVD'er	VVD 'er	VVD-'er	Vader	Veder	Vedder	Voeder	VVD	VVE	Der	Ver	Volder	Vilder	Vorder	Veer	Vide	Vier	Voer	Eder	Oder	Ader	Video
W.	W	WA	WW	WU	WE	WK	WC	E	Q	BW	MW	KW	UW	A	B	C	D	F	H	I	L	M	O	P	S	T	U	V	X	Y	Z	G	J	K	N	R
W.v.Str.	Westra	Weistra	Walstra	Walstro	Wester	Weerstra	Wierstra	Westera	Wasster	Woester	Wuijster	Viseter
WAO'er	WAO 'er	WAO-'er	Waaier	Ware	Wier	Warre	War	Waijer	Wapper	Waar	Weer	Wajer	Waver	Waker	Water	Wakker	Waller	Wanner	Wasser	Woerd	WAO	Zwoer	Oer	Woei
XV-meubel	Meubel	Bemeubel	Zitmeubel	Barmeubel	Wasmeubel	Tv-kabel	Bombel	Koelmeubel	Theemeubel	Mabel	Permeabel	Aimabel	Valabel	Voetbal
a.d.h.v.	adv	ADHD	Adhin	Idhra	AD	Ad	ad	ah	Asha	AOV	Ada	Ade	Adi	aha	APV	Ads	Radha	ach	ahs	atv	Adda	Adam	Adan	Adek	Adel	Adem	Aden	Ades	Adil	Adri	Azov	adam	adat	adel	adem	ader
a.g.v.	agave	AOV	AVI	Age	Ava	Ave	Avi	age	ave	APV	Agt	TGV	adv	atv	tgv	agio	aigu	gave	Ages	Alva	Azov	aagt	agro	EG	eg	ov	uv	EGA	ego
a.h.w.	ah	show	AAW	AOW	AWW	aha	huw	ANW	Jahwe	ahs	anw	Hawa	ahoi	Chow	ahob	hauw	oh	uw	oho
a.j.b.	ajb	Ab	ab	ahob	ABU	AOb	Abe	Abu	Job	job	ATB	Najib	atb	Abba	Abbo	ARAB	AROB	Ajax	Alba	Arab	ajam	albe	ambo	arbo	IJ	eb	ij	ub
a.m.	AM	Amu	aam	ama	ATM	Amr	Amy	alm	ams	arm	An	an	sm	A	Dam	Ham	M	NAM	Pam	RAM	Ram	Sam	Tam	WAM	a	bam	dam	ham	jam	kam	lam	m	mam	nam	ram	tam	wam	yam	om	Aa	Ai	Au	MA	Ma	ai	au	mA	ma	mm	AD
a.u.b.	Ab	ab	ub	ABU	AOb	Abe	Abu	Ubi	Abba	Abbo	sub	Au	au	eb	ATB	ajb	atb	Lub	dub	hub	kub	lub	pub
aanw.	ANW	anw	AAW	aan	aanwas	aanwen	aanwin	aanwip	aanwon	aanwaai	aanwoei	ANWB	Ana	naw	Ane	aanduw	W	w	An	an	Aa	Anas	WA	WW	waan	AOW	AWW	Ani	Ann	Ian	Law	Wan	ani	wan	waai	Baauw	Paauw
ad-hocbasis	ad-hocbeleid	ad-hocbesluit	ad-hoccommissie	adhesie
afb.	Ab	ab	af	AOb	ATB	aft	ajb	atb
afd.	AD	Ad	ad	af	Aad	Abd	Ard	aft	and
afz.	afzei	afzie	af	afzag	afzak	afzat	afzeg	afzet	afzit	aft	Afke	Afra	Afro	afat	afga	afro	fa	Z	z	Fez	fez	A	F	Kaz	Paz	a	f	GGZ	ggz	Aziz	Hz	Iz	Jazz	KZ	jazz	of	Aa	Ai	Au	Fu	Fé	ai	au	Efe	Liz	Luz	WOZ	nez	off	rez	ufo	AAA	aai	aio
al.	Al	al	Ali	all	Alp	Als	Aly	alg	alk	alm	alp	als	alt	La	la	aal	Ak	Axl	A	L	a	l	Lal	lal	El	el	Kal	Sal	Val	Wal	bal	dal	gal	hal	kal	mal	pal	ral	tal	val	wal	zal	AD	AM	Aa	Ab	Ad	Ai	An
ams'er	ams 'er	ams-'er	amuseer	Amer	Amier	Amoer	Asser	Amber	amber	amper	Maseru	mauser	Amers	AMAR	Amar	Moser	amuse	Anse	Amr	ams	amused	Hamse	asem	Amie	Amir	Asse	Eser	Omer	amor	Akse	Amel	Amke	Ayse	amen	Gemser	assem	Amies	Amkes	Ammar	Emmer	Esser	Euser	Ommer	amsoi	eiser	emmer	immer	Amesz
an.	An	an	Ana	Ane	Ani	Ann	ani	ANG	ANP	ANW	Ank	Ans	and	ank	anw	na	aan	ABN	AM	Ab	ab	Ian	A	a	n	Nan	en	in	on	Can	Dan	Han	Jan	Kan	LAN	Lan	Ran	San	Tan	Van	Wan	Yan	ban	can	dan	fan	jan	kan	man
arr.	arre	are	ar	Art	art	Aar	Ara	aar	air	ara	ARP	Amr	Ard	Ary	ark	arm	ars
b.d.	BID	bad	bed	bid	bod	BS	Abd	B	D	MBD	d	dB	BA	Be	Bo	ba	be	bi	AD	Ad	BG	BV	BW	Bq	Ed	ID	ad	bh	bv	by	cd	id	ud
b.g.g.	bagage	B-weg	baggy	buggy	BG	BOG	big	bug	gag	gig	bega	beug	boeg	boog	buig	Belg	Berg	Bing	Breg	balg	bang	belg	beng	berg	bigt	blog	borg	brug	bugs	burg
b.v.d.	VVD	BV	bv	BID	bad	bed	bid	bod	vod	dvd	Bade	Bavo	Bodi	Bodo	Bood	Bove	baad	baud	bede	beid	bied	bode	bood	boud	budo	AIVD	Beld	Boyd	Brad	PvdA	PvdD	band	bard	berd	bind	blad	bond	bord	brod	bvba
bain-marie	Anne-Marie	Annamarie	Annemarie	binaire	bancaire	Bonaire	binair	Annamaria	bancair
bc.	Bac	bic	BBC	BSc	BV	bv	B	C	c	ABC	abc	tbc	BA	BG	BS	BW	Be	Bo	Bq	ba	be	bh	bi	by	cc	dc	ic	pc	wc
bett.	Bette	bette	bet	Bettie	boette	Butt	beat	beet	bete	bèta	Betty	Beate	Beute	batte	beate	botte	Boet	biet	boet	Bert	Brett	beaat	boeit	boete	But	bat	bit	bot	Belt	Bent	Best	Betz	beft	bekt	belt	bent	best	bate	Bito	baat	boot	bout	buit	buut
bez.	Benz	Betz	Bex	nez	Be	be	Bea	Ben	Bep	Fez	bed	bef	bei	bek	bel	ben	beo	bes	bet	beu	fez	rez	Bess
bijl.	bijl	Beijl	Bijloo	Nijl	vijl	bij	bil	IJl	ijl	bijlap	bijleg	bijlen	bijles	bijlig	Biel	Bill	biel	IJle	Sijl	Tijl	Uijl	Zijl	bijt	gijl	ijle	mijl	pijl	wijl	zijl	Bijou	bijou	Jil	Blij	blij	Beij	Bijbel	bijbal	bijbel	bol	buil	bul	bril	blije	Beije	bal	bel
bijv.	bij	bijvak	bijvul	Vijve	bijl	bijt	Bijou	bijou	Bijma	bijas	bijen	bijna	lijve	Beij	BV	bv	Beije	Beijk	Beijl	Buijk	Buijs
blz.	blo	Blei	Bloo	Boze	BuZa	blei	bleu	blue	boze	Blij	Blom	Blum	Elza	Elze	Elzo	alzo	blad	blaf	blak	blek	bles	blij	blik	bloc	blog	blok	blom	blos	blow	bluf	blus	blut	blèt	Liz	Luz	bal	bel	bil	bol	bul	Bali	Bell	Bill	Boaz	Boll	Bulo	Balm	Balt	Beld	Belg	Bels	Belt	Benz	Betz	Bilt	Bolk	Bolt	Buls	balg	balk	bals	balt	belg	belt	bilt	bolk	bolt	bulk	bult
bv.	BV	bv	nv	B	V	v	BA	BG	BS	BW	Be	Bo	Bq	XV	ba	be	bh	bi	by	cv	ov	tv	uv
bw.	BW	BMW	Be	Bq	be	btw	B	W	w	BA	BG	BS	BV	Bo	MW	WW	ba	bh	bi	bv	by	kW	mW	mw	uw
c.q.	coq	C	c	q	CO	cc	co	Bq	CT	IQ	cd	cg	cl	cm	cv
c.s.	Cas	Cis	ces	cis	CBS	VS	cd	C	S	c	s	CO	cc	co	As	BS	CT	NS	PS	US	as	cg	cl	cm	cv	es	is	ms	os
ca.	Cai	cai	cao	CAD	CAT	Can	Cas	can	cap	CIA	C	c	CDA	va	A	a	CO	cc	co	kca	Aa	BA	CT	Ha	Ka	La	MA	Ma	Ta	WA	ba	cd	cg	cl	cm	cv	da	fa	ga	ha	ia	ja	ka	la	mA	ma	na	pa	ra	sa
chef-d'oeuvre	Scheldeoever	cheider	chauffeur	cheddar	caféhouder	chador	schuifdeur	chiffonnière	chauffeer	hardvoer	chevreau
d'anvers	dagvers	dalvers	dansers	dravers	daver	danseres	danseurs	diners	divers	Envers	dalver	invers	deniers	duivers	Donders	delvers	donders	drivers
d'hôtel	hotel	hoetel	deutel	dartel	distel	dreutel	dartele
d'équipe	equipe	druip	dupe	Deppe	diepe	duppie	Diep	diep	dope	drup	dump
d.d.	DDT	dvd	D	d	De	Do	da	de	di	do	du	dé	AD	Ad	Ed	ID	ad	cd	dB	dc	dj	dl	dm	id	ud
d.i.	di	Dei	Dio	dei	dia	die	cd-i	Dik	Dil	Dim	Din	Dix	dij	dik	dim	dip	dis	dit	dpi	Do	do	du	D	d	Si	si	Adi	EDI	I	Idi	i	De	da	de	dé	ID	dB	dc	dj	dl	dm	id	Ai	II	Ji	KI	Li	VI	XI	Yi
d.m.v.	dm	Dam	Dim	dam	dim	dom	Dave	Demi	Devi	Dima	Diva	dame	demi	demo	diva	domo	dove	mavo	move	Dams	Damy	Demy	Dims	Doms	damp	damt	demp	dimt	domp	doms	dump	Damme	Doeve	Doove	domme	Deum	Diem	daim	doem	doom	duim	Doema	Douma
d.w.z.	dwaze	deze	déze	Dow	WOZ	duw	dwazen	dwazer	Dewi	Diaz	daze	Dawn	down	duwt	Douw	dauw	douw	Dauwe	Douwe
dd.	DDT	D	d	dvd	De	Do	da	de	di	do	du	dé	AD	Ad	Ed	ID	ad	cd	dB	dc	dj	dl	dm	id	ud
dell'arte	Dullaart	Dullaert	duelleert	delete	doellat	delirante	doelkaart	klaarte	Duarte	dollar	Allart	dellerige	deletie	dollars	dartte	deelauto	deleatur	delirant	dellerig	dart	alerte	daartoe	deert	deler	delta
dhr.	hr	Dur	dar	der	dor
div.	Diva	diva	di	Dik	Dil	Dim	Din	Dio	Dix	Liv	XIV	dia	die	dij	dik	dim	dip	dis	dit	hiv
dr.	Dre	Dré	dra	dry	Dur	dar	der	dor	De	de	dé	D	d	r	Do	IR	ar	dB	da	dc	di	dj	dl	dm	do	du	er	hr	or	pr
dra.	dra	Draw	drab	draf	drag	dram	dras	draw	dar	Dara	Dora	da	ra	Dre	Dré	Ara	DNA	Era	IRA	Ira	Kra	ara	dia	dry	era	tra
drs.	Dres	Dros	Drés	dors	dras	dros	des	dra	DNS	Dre	Dré	ars	das	dis	dos	dry	dus
drs.-titel	draaistel	deeltitel	doorstiet	draaistoel	eretitel	rugtitel	dorstte	doorstieten	doorstoten	dreutel	dorstige	dorstten	deurstijl	distel	draaitol	dartel	dorstiger	dretste	drentel	werktitel	doorstikte	drumstel	drietal	driestal
ds.	das	des	dis	dos	dus	DNS	da	D	S	d	s	Ads	Eds	Ids	As	BS	De	Do	NS	PS	US	VS	as	dB	dc	de	di	dj	dl	dm	do	du	dé	es	is	ms	os
e.d.	Ed	EDI	Ede	Edo	Edu	ede	eed	Eds	end	es	D	E	Ted	bed	d	e	led	red	wed	AD	Ad	ID	ad	id	ud	De	EU	de	ei	EG	EK	El	cd	eb	eg	el	en	er	et	ex
e.e.a.	eau	eega	Era	Ewa	era	A	E	a	e	à	Eese	Aa	Ai	Au	EU	ai	au	ei	ia	ie	EGA	EVA	Ede	Eef	Eek	Eem	Efe	Eke	Ela	Epe	Eva	Eve	Eye	ede	eed	eeg	eek	een	eer	eet	ene	ere	eva	Bea	Gea	Kea	Lea	Mea	Tea	mea	tea	AAA	Oei	aai	oei	Eeke	Elia	Ella	Emma	Enna	Esau	UEFA	area	eeuw	er	es	Dee	Fee	Hee	Kee	Lee	TEE	Yee	Zee
e.o.	Edo	Eno	ebo	ego	epo	eto	ei	E	O	e	o	Deo	Leo	Neo	Teo	beo	geo	neo	EU	Io	EG	EK	Ed	El	eb	eg	el	en	er	es	et	ex	Bo	CO	Do	Go	Ho	Jo	Ko	Lo	Mo	Po	So	To	Vo	co	do	go	ho	mo
e.v.a.	EVA	Eva	eva	Ava	Eve	Evi	Iva	Evan	Evie	Ovaa	va	Neva	ov	uv	Evy	EGA	Ela	Era	Ewa	era	AVI	Ave	Avi	Ivo	ave
entr'acte	entrecote	antraciet	interactie	antraciete	intacte	intrapte	entrecotes	intact	ontrat	contractie	intranet	attractie	contract
enz.	Enzo	nez	en	Benz	Lenz	Renz	Eno	end	ene	eng	enk	ent
etc.	et	esc	eto	ets	xtc
evt.	vet	Evy	ebt	et	EVA	Est	Eva	Eve	Evi	eet	egt	ent	est	eva
ex-PTT'er	exacter	expert	Opitter	expat	exactere	export	opteer	exacte	expats	Extra	extra	exoot	exit	expo	upte	oppotte	aapte	optie
excl.	exil	exces	eicel	exact	Axl	exclave	exacte	excuus	Axel	axel
fa.	fa	FAQ	fan	fat	fax	af	F	f	da	ga	A	a	Fu	Fé	Aa	BA	FM	Ha	Ka	La	MA	Ma	Ta	WA	ba	ha	ia	ja	ka	la	mA	ma	na	pa	ra	sa	va
fam.	faam	FM	Dam	dam	fan	farm	fa	AM	Fem	FAQ	Ham	NAM	Pam	RAM	Ram	Sam	Tam	WAM	aam	bam	fat	fax	ham	jam	kam	lam	mam	nam	ram	tam	wam	yam
fig.	Figo	gig	Fie	Fik	Fil	Fin	Fit	Mig	big	fik	fin	fis	fit	lig	tig	wig
filterprogramma's	kleuterprogramma	flutprogramma	masterprogramma	fotoprogramma	pilotprogramma	afluisterprogramma
ftp'en	ftp 'en	ftp-'en	fopten	Foppen	foppen	futen	tapen	fte	ftp	fatten	fitten	tappen	tippen	toppen	fatsen	fitsen	fulpen	stopen	aftippen	aftoppen	fopte	Foppe	foton	futon	Fieten	Tepe	feiten	feuten	fouten	tape	toepen	fitte	fep	fop	fopt	Fiep	step
g.g.d.	geëgd	gegeid	gegoed	geëgde	geoogd	gags	gigs	God	gag	gig	god	gegald	gegild	geglad	gegomd	gegord	gegumd	gegund	Gido	Gigi	Gude	gade	gaga	gage	gede	giga	goed	gogo	goud	Gogh	egde	gard	geld	gild	glad	gold	gord	Goede	Gouda	Gudde	Guido	geide	gigue	goede	gouda	gebigd	gejogd	gelegd	gelogd	geragd	geregd	gezegd	goog	gedag	gedoe	GGZ	ggz
gas-	gas	gast	gaas	gags	gans	gays	glas	gras	ga	As	as	Gus	ges	gis	Egas	Bas	Cas	Kas	Mas	Nas	aas	bas	das	gaf	gag	gal	gap	gat	gay	gps	jas	kas	las	nas	pas	ras	sas	tas	was	x-as	y-as
geb.	GB	gen	greb	heb	ge	eb	Gea	Ger	Seb	Zeb	gei	gek	gel	geo	ges	leb	neb	web
gem.	gems	Fem	Germ	Hem	gen	hem	ge	gom	gum	Egem	Cem	Eem	Gea	Ger	Lem	Sem	gei	gek	gel	geo	ges	gsm	gym	mem	rem	tem	wem
gentleman's	gentleman 's	gentleman-'s	gentleman	gentlemen	Fintelman	Hoetelmans	Neleman	Neeleman	groenteman	Trentelman	leemans	Knetemann	Nottelman	Gunneman	Telleman	gentiaan	Tullemans
get.	geit	geut	giet	egt	Gent	Ger	Gert	Gest	Het	gekt	gent	het	ge	et	gat	git	gut	GMT	Gea	Jet	Ket	Let	PET	RET	bet	eet	gei	gek	gel	gen	geo	ges	gft	iet	jet	ket	let	met	net	pet	set	tet	vet	wet	zet
hbo'er	hbo 'er	hbo-'er	hobuer	Huber	Hoeboer	heiboer	Boer	boer	hebber	hoer	Hover	Hoyer	hoger	Hobers	Hobert	hooier	ober	Boere	bier	hier	hoera	hoeri	Bor	boe	hbo	her	hoe	hor	Cober	Tober	sober	Baer	Bour	Heer	Hoei	beer	boei	boor	heer	hoor	hour
hersentrauma's	hersentrauma 's	hersentrauma-'s	hersentrauma	hersentumors	hersentumor
hiv-virus	hiv-virus	hivvirus	Hoevers	Horvers	vivaria	havoërs	Hover	huiver	viever	hoever	Hever	haver	Heuver	havoër
hors-d'oeuvre	hardvoer	cross-over	hardere	Horster	hardcore	hoorder	haasje-over	harddraver	herover	haardvuur	harder	herder	haardvuren	hierover	hardware	rasdier	Horstenaar	haarscheur	redevoer	Broesder	Heerder	heerser	huurder	hereditaire
hts'er	hts 'er	hts-'er	heser	etser	Haster	Hester	hater	heter	Tse	hts	Hauser	Heuser	Huiser	Hutter	heuser	Hitler	helser	hitsen	hotsen	hutsel	hutsen	hese	Heister	heester	heister	Hoste	hoste	Matser	bitser	metser	patser	tetser	hst	these	Tes	hes
i.c.	ic	ICT	ich	IX	C	I	NIC	Nic	Vic	bic	c	i	sic	tic	II	Io	cc	ia	ie	ID	IJ	IP	IQ	IR	IT	Iz	dc	id	ij	ik	in	is	pc	wc
i.c.m.	acme	cm	ic	OCMW	icon	Cem	cum	IBM	ICT	ich	Imme	Icke	Irma	idem	imam	isme	item	om	oom	AM	Eem	aam	ace	ecu
i.h.a.	aha	oh	Ha	ha	ia	oho	ah	Hau	ich	IRA	Ian	Ida	Ina	Ira	Isa	Iva	Aicha	Aisha	Asha	A	H	I	a	h	i	Aa	He	Ho	Hu	II	Io	he	ho	hu	hè	hé	ie	Hie	Bah	bah
i.h.b.	EHBO	ahob	hbo	heb	hub	opheb	Hebe	hebe	hebi	hobo	hobu	oh	ub	Huib	Huub	Obe	Obi	Ubi	oho	OHM	USB	ajb	ohm	ozb	uhd	Ab	ab	ah	eb	ABU	AOb	Abe	Abu	aha	ebo	ATB	ahs	atb
i.m.	IBM	IMF	om	in	Dim	I	Jim	Kim	Lim	M	Pim	Rim	Sim	Tim	Wim	dim	i	kim	m	sim	vim	AM	II	Io	ia	ie	mi	mm	FM	ID	IJ	IP	IQ	IR	IT	IX	Iz	cm	dm	ic	id	ij	ik	is	km	nm	sm
i.o.	Io	ISO	Ido	Ino	Ivo	ion	II	I	O	aio	i	o	oio	IP	Dio	Gio	Lio	Rio	bio	rio	ia	ie	ID	IJ	IQ	IR	IT	IX	Iz	ic	id	ij	ik	in	is	Bo	CO	Do	Go	Ho	Jo	Ko	Lo	Mo	Po	So	To	Vo	co	do
i.o.v.	ov	AOV	Iva	Ivo	uv	Io	ion
i.p.v.	APV	IP	Iva	Ivo	PVV	iep	op	ov	up	uv
i.s.m.	isme	Issam	Eisma	Asim	Asma	Esma	Esme	Esmé	asem	is	sm	islam	ismen	ismes	ISO	Isa	Ise	Sam	Sem	Sim	sim	som	IBM	gsm	Sima	Simi	eis	ams	Siem
i.t.t.	uitat	Ott	IRT	IT	Otte	Otto	Itter	ITU	Ite	Tot	iet	tet	tot	tut	uitte	ICT	int	Tita	Tito	etst	ette	iaat	titi	Etty	Ista	Ites	Stet	iets	item	stat	stut	Ot	ut	uit	Out	out	tiet	Witt	at	et	Eijt	eist	Aat	Ata	Ate	eet	eto
i.v.m.	IBM	RIVM	Ivan	Iva	Ivo	vim	IVF	Ivy	ivf	Imme	Irma	Ivar	Ivor	idem	imam	isme	item	om	ov	uv	oom	AM	AIVD	AVI	Ava	Ave	Avi	EVA	Eem	Eva	Eve	Evi	aam	ave	eva
i.z.g.st.	innigst	inoogst	oogst	angst	engst	ergst	August	august	engste	enigst	ergste
id'er	id 'er	id-'er	Oder	ieder	eider	Eder	ader	adder	Ouder	iedere	odeur	ouder	dier	idee	Ier	der	cider	rider	Ides	Iker	idem
in-	in	Ina	Ine	Ino	IND	INL	ins	int	Ian	ion	on	I	i	n	An	an	en	Bin	Din	Fin	Jin	Kin	Lin	Min	RIN	Rin	Sin	Tin	Xin	Yin	fin	gin	kin	min	pin	tin	vin	win	yin	zin	ID	II	IJ	IP	IQ	IR	IT	IX	Io	Iz
incl.	cl	INL	Inca	Ince	inch	Nicol	cel	col	Niel	Ciel	Nel	Nol	iel	nel	nol	nul
ing.	Inga	Inge	Ingo	inga	Ong	Ng	in	ANG	eng	Bing	Jing	King	Ling	Ming	Sing	Ting	Wing	Ying	ding	ging	hing	ping	ring	ving	zing	IND	INL	Ina	Ine	Ino	ins	int
ir.	IR	IRA	Ira	IRT	Ier	or	IT	ie	air	oir	I	i	r	ar	er	Mir	kir	ID	II	IJ	IP	IQ	IX	Io	Iz	hr	ia	ic	id	ij	ik	in	is	pr
jhr.	hr	Jur	Jara	Jari	Jaro	Jiri	Jori	Juri	jura	jure	Jhon	har	her	hor	joh	Jair	Jaïr	Joha	Joor	jaar	jour	Cher	John	Thor	john	Behr	Lahr	Mohr
jkvr.	Jeker	joker	kever	Javier	jakker	jekker	jouker
jl.	Jil	Jol	Jul	jol	KL	hl	L	j	l	IJl	ijl	Al	El	Ji	Jo	Ju	al	cl	dl	el	ja	je	ju	ml	tl
jr.	Jur	hr	je	j	r	IR	Ji	Jo	Ju	ar	er	ja	ju	or	pr
juffertje-in-'t-groen	
jump-'n-jive	kampanje	kampanjes
jump-'n-jivemuziek	
k.k.	Kik	Kok	kak	kek	kik	kok	KvK	KL	kJ	k	KI	Ka	Ko	ka	ki	Ak	EK	KB	KZ	NK	WK	ik	kB	kW	kg	km	pk	uk
kapo's	kapo 's	kapo-'s	Kops	kops	Kaaps	Koops	kapo	kapdoos	kapoets	kapok	kapot	karos	kopse	Kaapse	Kapels	kapjes	kapmes	Kais	Koos	koos	Kas	Knops	Kos	kap	kas	pos	Kalpoe	kaas
kijk-	kijk	Kuijk	kijkt	Kaaijk	lijk	Kik	kajak	kik	IJk	ijk	kijken	kijker	kijkje	Kiek	Kika	Kiki	kiek	Dijk	Eijk	Kick	Nijk	Rijk	Wijk	dijk	gijk	kick	kijf	kink	rijk	tijk	wijk	Keij	Kok	Kuik	kok	klik	knik	krik	kwik	Kadijk	kJ	KAJ	Kaj	kak	kek	nakijk
kmo'er	kmo 'er	kmo-'er	Kommer	kommer	Kamer	kamer	koer	moer	moker	moeër	Amoer	koker	koper	koter	lomer	Kamper	Kemper	kamper	more	Omer	Khmer	Moere	kier	mier	moeë	Kumar	kmo	koe	kor	mer	moe	mor	Bomer	Komen	Somer	bomer	komen	romer	zomer	Kemker	Kemner	kamfer	Moek	Meer	Moor	keer	koor	meer	moei	moor
kunst-	kunst	knust	Konst	knuist	lunst	kunt	kust	kuist	dunst	gunst	vunst
kvv'er	kever	VVE	ver	Kerver	Klever	Korver	Kurver	kevers	kevert	klaver	klever	klover	kolver	lever	lover	keer	kier	koer	veer	vier	voer	Over	ever	over	klavier	vaker	kevie	kuier	vivre	Bever	Hever	Hover	Kader	Kager	Kamer	Keser	Kuper	Pover	River	Rover	Waver	bever	cover	daver	dover	gaver	gever	haver	kader	kaker	kaler	kamer	kaper	kater	kavel	kazer	keker	keper	kevel	keven	klier	knier	koker	koper	koter	kovel	koven	oever	pover	rover	tover	uiver	wever	zever	zover	Kee	Keri	Vera	Vere	keur	vee	viever	vive	Kleuver	keveren	kluiver	vare	vore	Kleve	Kruiver	Veere	kadaver	klove	Kea	VVV	kar	kei	keu	keverde
land-	Land	land	Landa	lande	Luanda	landde	Lind	Lund	lands	landt	Linda	Linde	lende	linde	Lans	lans	LAN	Lan	and	eland	Lana	Lani	laad	Nand	Zand	band	hand	lang	mand	pand	rand	tand	wand	zand
lic.	Lich	Luc	loc	Liv	Li	ic	Lac	Lia	Lie	Lim	Lin	Lio	Lis	Lit	Liu	Liz	NIC	Nic	Vic	bic	lid	lig	lij	lik	lil	lip	lis	sic	tic
loop-in-'t-lijntje	
m.	M	m	MA	ME	Ma	Mo	mA	ma	me	mi	mm	mo	mu	MB	MW	MX	Mb	mW	mg	ml	mp	ms	mw	n	AM	FM	cm	dm	km	nm	om	sm	A	B	C	D	E	F	H	I	L	O	P	S	T	U	V	W	X	Y
m.a.w.	mauw	miauw	MW	mW	mw	Mewe	mouw	Mae	naw	MA	Ma	mA	ma	Mai	Mao	AAW	Law	Mac	Maj	Mak	Mas	Max	May	maf	mag	mak	mal	mam	man	map	mar	mat
m.b.t.	Ambt	MB	Mb	ambt	But	MBA	bat	bet	bit	bot	mat	mbo	met	mot	MBD	abt	ebt	Matt	Meta	Moet	Moti	maat	mata	mate	maté	meet	meta	miet	moet	moot	moto	mout	muit
m.b.v.	BV	MB	Mb	bv	MBA	mbo	MBD	mavo	move
m.i.	mi	Mai	Mei	Mia	mei	mie	mui	MRI	Mig	Mik	Mil	Min	Mir	mij	mik	min	mis	mix	Mo	mo	mu	M	m	Emi	I	i	MA	ME	Ma	mA	ma	me	mm	MB	MW	MX	Mb	mW	mg	ml	mp	ms	mw	Ai	II	Ji	KI	Li	Si	VI
m.i.v.	move	mauve	mavo	Maeva	mi	Mica	mica	Mai	Mei	Mia	mei	mie	mui	Iva	Ivo	Liv	MRI	Mig	Mik	Mil	Min	Mir	XIV	hiv	mij	mik	min	mis	mix	Maia	Diva	Kiev	Maij	Maik	Main	Mais	Meij	Mein	Meis	Miel	Mien	Miep	Mies	Mika	Mike	Miki	Miko	Mila	Mill	Milo	Mimi	Mina	Mine	Mira	Miro	Riva	XXIV	Ziva	diva	five	jive	live	mail	main	mais	meid	midi	miep	mier	mies	miet	mila	mime	mimi	mina	mine	mini	mise	miss	muik	muil	muis	muit	vive
m.m.	mm	Mom	mam	mem	mom	mum	nm	M	m	MA	ME	Ma	Mo	mA	ma	me	mi	mo	mu	AM	FM	MB	MW	MX	Mb	cm	dm	km	mW	mg	ml	mp	ms	mw	om	sm
m.m.v.	Mom	mam	mem	mom	mum	Mimi	mama	mavo	memo	mime	mimi	move	mams	momt	Maeva	mamma	mauve	mm	Meima
m.n.	Min	Mon	man	men	min	mm	MB	Mb	M	m	n	nm	MA	ME	Ma	Mo	mA	ma	me	mi	mo	mu	An	MW	MX	VN	an	en	in	mW	mg	ml	mp	ms	mw	on
m.u.v.	mauve	mavo	move	Maeva	mu	uv	mui	Mud	Mul	SUV	mud	muf	mug	mul	mum	mus	Maud	Meun	Mous	Musa	Muse	Muus	Suva	mauw	meug	meuk	meun	meur	mout	mouw	muik	muil	muis	muit	mulo	muon	muur	muze	mi	MB	Mb	nv	M	V	m	v	Mai	Mei	Mia	mei	mie	MA	ME	Ma	Mo	Vu	mA	ma	me	mm	mo	vu	BV	MW	MX	XV	bv	cv	mW	mg	ml	mp	ms	mw	ov	tv	Mae	Mao	Mea	VVV	mea	mee	moe
m/s	ms	Mas	mes	mis	mos	mus	mts	MA	MSc	Ma	NS	mA	ma	M	S	ams	m	s	sms	As	BS	MB	ME	MW	MX	Mb	Mo	PS	US	VS	as	es	is	mW	me	mg	mi	ml	mm	mo	mp	mu	mw	os	sm
max.	Max	maxi	MX	Mac	Manx	Marx	MA	Ma	mA	ma	Ax	Mex	mex	mix	Bax	Dax	Mae	Mai	Maj	Mak	Mao	Mas	May	Pax	Tax	fax	maf	mag	mak	mal	mam	man	map	mar	mat	sax
mbo'er	mbo 'er	mbo-'er	Boer	boer	moer	Bomer	bomer	moeër	Moser	moker	Mobers	mooier	more	ober	Boere	Moere	bier	mier	moeë	Moet	moet	Bor	Borre	Moore	boe	boire	mbo	mer	moe	mor	Bommer	Cober	Tober	sober	Maier	boeier	meier	momber	Amber	amber	mimer	mixer	omber	boem	Baer	Bour	Meer	Moor	beer	boei	boor	meer	moei	moor	Aboe	Moek	Moen	Mohr	moed	moel	moes	über	Bemer	Mauer	Boeree	Mager	Maher	Mater	Mayer	Meyer	mager	maker	maler	maner	mater	meter	Obe	Bora	Mere	bere	beur	meur	mora	Be	Bo	MB	ME	Mare	Mb	Mo	bare	be	mare	me	mo	ambo	vmbo
mevr.	mer	Meer	Mere	meer	meur	méér	moveer	meevoer	meivuur	Meere	Mevis	metra	metro	ver	mier	moer	ever	omver	Over	over	Maeva	meier	moeër	move	Bever	Hever	Meyer	bever	gever	kever	lever	meter	oever	wever	zever	Mir	mar	mor	Moor	maar	mavo	moor	muur	veer
min.	Min	min	Mina	Mine	mina	mine	mini	Ming	Minh	Mink	Mins	mink	mint	Main	Mein	Mien	Mon	main	mijn	mi	in	man	men	Amin	Emin	Bin	Din	Fin	Jin	Kin	Lin	Mia	Mig	Mik	Mil	Mir	RIN	Rin	Sin	Tin	Xin	Yin	fin	gin	kin	mie	mij	mik	mis	mix
mld.	meld	mild	ml	MBD	Mud	VLD	mlk	mud	old
mln.	ml	Min	Mon	man	men	min	mlk
mp3-formaat	memoformaat	miniformaat	zakformaat	dataformaat	popformatie	primaat	forma	rapformatie	topformatie	meepraat
mp3-speler	meespeler	medespeler	topspeler	Mespelare	opspeel	meespeel	mispel	mispelaar	MySpell
mr.	MRI	Mir	mar	mer	mor	ME	me	M	m	r	Amr	IR	MA	MB	MW	MX	Ma	Mb	Mo	ar	er	hr	mA	mW	ma	mg	mi	ml	mm	mo	mp	ms	mu	mw	or	pr
mw.	MW	mW	mw	ME	me	M	W	m	w	BMW	BW	MA	MB	MX	Ma	Mb	Mo	WW	kW	mA	ma	mg	mi	ml	mm	mo	mp	ms	mu	uw
n.a.v.	NAVO	nv	naïeve	Neva	Neve	Nova	Novo	nova	Nab	na	Naves	Navis	navel	naven	NIA	Nia	Noa	naë	novae	NAM	NAP	Nan	Nas	nam	nap	nar	nas	nat	naw	CNV	FNV	V	n	v	va
n.o.t.k.	NOT	nok	not	nokt	Nout	noot	nota	nokte	notie	Nik	nik	NK	nikt	NTU	Tok	nat	nek	net	nuk	nut	tok	Tonk	nekt	stok
n.v.t.	noviet	nv	NOT	NTU	VUT	invet	nat	net	not	nut	vat	vet	vit	vut	NAVO	Neva	Neve	Nout	Nova	Novo	neet	neut	niet	noot	nota	nova	Yvet	naft	nart	nekt	nept	nest	nikt	nipt	njet	nokt	nopt
nachtcamera's	nachtwakers	onachtzamer	nachtwaker	schatkamers
nl.	Nel	Nol	nel	nol	nul	NK	ml	L	l	n	INL	Al	El	KL	NB	NS	Ng	al	cl	dl	el	hl	na	nm	no	nu	nv	tl
nl.openoffice.org	
no.	no	Noa	Noë	nou	NOS	NOT	Nol	nog	nok	nol	nom	non	nop	nor	not	Neo	neo	on	n	Bo	Mo	Ngo	mo	ngo	O	o	na	nu	Eno	Ino	Sno	TNO	kno	lno	CO	Do	Go	Ho	Io	Jo	Ko	Lo	NB	NK	NS	Ng	Po	So	To	Vo
nr.	NRC	NUR	Nur	nar	nor	n	r	IR	NB	NK	NS	Ng	ar	er	hr	na	nm	no	nu	nv	or	pr
nrs.	Nurs	nors	nes	NS	NOS	NRC	Nas	Nys	ars	nas	nis
o.a.	Oda	oma	opa	ia	A	O	a	o	os	pa	Noa	boa	soa	Aa	Ot	of	oh	om	on	op	or	ov	BA	Ha	Ka	La	MA	Ma	Ta	WA	ba	da	fa	ga	ha	ja	ka	la	mA	ma	na	ra	sa	va
o.b.v.	BV	bv	ov	hbo-v	Obe	Obi	obs	Bove	obia	Obes	Olav	ober	obus	AOV	AOb	Ab	ab	eb	ub	uv	ABU	Abe	Abu	Ubi	ebo
o.i.	Oei	oei	oio	ooi	Obi	Ori	oir	II	I	O	i	o	pi	Boi	Hoi	Loi	hoi	Ai	Io	ai	ei	ui	Ot	of	oh	om	on	op	or	os	ov	Ji	KI	Li	Si	VI	XI	Yi	Zi	bi	di	ki	mi	si
o.i.d.	Oud	oud	ID	id	Oude	oude	Ida	Idi	Ido	Oda	Ode	ode	Aida	aide	iade	oxide	ud	aaide	Udo	idee	Obeid	Oudt	oord	ouds	AD	Ad	Ed	ad	Audi	IND	Ids	Oei	oei	oio	old	ooi	BID	Obi	Ori	Sid	bid	jid	kid	lid	oir	Aad	Ada	Ade	Adi	EDI	Ede	Edo	Edu	ede	eed	AIVD	Odin	Olde	acid	aids	eind	orde	ordi	II	D	I	O	d	i	o	God	bod	god	tod	vod	cd-i	Ai	Io	ai	di	ei	ia	ie	ui	Bodi	Jodi	Rodi
o.m.	om	oma	ome	oom	OHM	ohm	olm	on	Hom	M	Mom	O	Tom	Zom	bom	dom	gom	hom	kom	lom	m	mom	nom	o	pom	rom	som	AM	Mo	mm	mo	FM	Ot	cm	dm	km	nm	of	oh	op	or	os	ov	sm
o.t.t.	Ott	Otte	Otto	octet	outte	uitat	Ot	Otten	Ottes	otter	Out	Tot	out	tet	tot	tut	Ost	Ots	motet	opt	Toto	etst	ette	ooit	toto	IT	toet	toot	tout	Pott	at	et	ut
o.v.t.	ovatie	omvat	opvat	Evita	Ot	ov	Over	over	Ott	Out	VUT	out	vat	vet	vit	vut	Ost	movet	opt	Otte	Otto	Ovaa	ooit	vota	voto	Oort	Oost	Oudt	Yvet	ofte	ooft	oogt	oost	opat	oven	IT	AOV	Iva	Ivo	iet	voet	at	et	ut	uv	atv	AVI	Aat	Ava	Ave	Avi	EVA	Eva	Eve	Evi	ave	eet	eva	uit
o.v.v.	ov	Ovaa	vive	vivo	Olav	Over	oven	over	Oevel	oever	ovaal	ovale	AOV	PVV	Iva	Ivo	IVF	Ivy	ivf	uv	VVV	Ivor	AVI	Ava	Ave	Avi	EVA	Eva	Eve	Evi	ave	eva	APV	Evy	UWV	adv	atv	Evie	Azov
ong.	Ong	nog	Ng	on	ANG	eng	Dong	Fong	Hong	Jong	Kong	Long	Wong	Yong	dong	gong	jong	long	rong	song	tong	zong	one	ons	oog
onov.	Nova	Novo	nova	Onos	Ino	Onno	Oona	nv	on	ov	Oonk	novae	AOV	Eno	oio	one	ooi	Doove	Ong	oho	ons	oog	ook	oom	oor	oneven	Ivo	NAVO	ion	ANVR	Neva	Neve	Onne	Azov	Olav	Onur	Onze	onaf	onus	onze	opoe	Vo	Io	Iona	in	oen	O	V	o	v	Yvo	Oane	Oene	An	Anno	Enno	an	anno	en	uv
ontgiftingsprogramma's	ontgiftingsprogramma 's	ontgiftingsprogramma-'s	ontgiftingsprogramma
optieprogramma's	optieprogramma 's	optieprogramma-'s	optieprogramma	fotoprogramma	kopieerprogramma	spelprogramma	spaarprogramma	pilotprogramma	mutatieprogramma	loopprogramma	auditprogramma
p.	P	p	Po	pa	pi	po	PS	pH	pc	pg	pk	pr	O	o	IP	SP	lp	mp	op	up	vp	A	B	C	D	E	F	H	I	L	M	S	T	U	V	W	X	Y	Z	a	c	d	e	f	g	h	i	j	k	l
p.a.	pa	Pia	Pam	Pax	Paz	pad	paf	pak	pal	pan	pap	par	pas	pat	pay	P	p	PS	A	Spa	a	opa	spa	Po	pi	po	pH	pc	pg	pk	pr	Aa	BA	Ha	Ka	La	MA	Ma	Ta	WA	ba	da	fa	ga	ha	ia	ja	ka	la	mA
p.m.	Pam	Pim	pom	ppm	om	M	P	bpm	m	p	mp	Po	mm	pa	pi	po	AM	FM	PS	cm	dm	km	nm	pH	pc	pg	pk	pr	sm
p.o.	Po	po	Poe	Pol	Por	pof	pok	pol	pom	pon	pop	por	pos	pot	pro	pi	P	p	O	epo	o	pa	PS	op	pH	pc	pg	pk	pr	Bo	CO	Do	Go	Ho	Io	Jo	Ko	Lo	Mo	So	To	Vo	co	do	go	ho	mo	no	to	zo
p.w.	P	W	p	w	Po	WW	pa	pi	po	BW	MW	PS	kW	mW	mw	pH	pc	pg	pk	pr	uw
pag.	page	pg	paf	pang	plag	pa	peg	Dag	Pam	Pax	Paz	dag	gag	lag	mag	pad	pak	pal	pan	pap	par	pas	pat	pay	rag	tag	zag
pc's	pc 's	pc-'s	PS	pc	PPS	pas	pcb	pis	pos	pus
plm.	Plum	palm	olm	KLM	PLC	Pam	Pim	alm	plu	pom	ppm
plv.	PLC	PVV	XLV	plu
pony'tje	pontje	ponnetje	pintje	pony	Ponte	puntje	pinnetje	pionnetje	pioentje	Pinte	Ponjee	pannetje	pennetje	pointe	pont	paantje	peentje	Ponse	Punte
prof.	prof	proef	pref	profs	pof	pro	grof	plof	prol	prop	trof
q.e.d.	quad	Qaida	wed	Ed	Weda	wede	weed	weid	wied	woed	que	EDI	Ede	Edo	Edu	Ted	bed	ede	eed	led	red	Dede	Lede	Read	Reda	Rede	Seda	Veda	bede	beid	bied	deed	gede	goed	heid	hoed	lede	leed	leid	lied	mede	meed	meid	moed	peda	pede	pedo	pied	rede	reed	ried	voed	zede	zied	D	d	q	rad	wad	De	de	AD	Ad	ID	ad	cd	id	ud	Dee	Dei	Deo	Qui	dei	qua	qui	quo	Aad	Ade	BID	CAD	God	KDE	Mud	Ode	Oud	Sid	VVD	Yde	bad	bid	bod	god	had
q.q.	q	Bq	IQ
r.-k.	Rik	rak	rek	rik	rok	ruk	Rika	Roek	Roke	raak	rake	raki	raku	reek	reik	reuk	riek	roek	rook	ruik	EK	Urk	ark	k	r	ra	re	Ak	NK	WK	ik	pk	uk
red.	red	Reda	Rede	rede	redt	Read	reed	ried	Res	Ted	eed	re	Ed	rad	Fred	tred	RET	Rep	Rex	bed	led	ree	rei	rek	rel	rem	ren	rep	reu	rez	wed	raid
resp.	rasp	Raspe	Rep	Res	rep	esp	reep	Hesp	gesp	hesp	kesp	rest	wesp	raspt	Sep	Raes	Riep	Ries	rap	rees	reis	reus	riep	roep	roes	raps	rips	rups	SP	RSI	RSS	Rip	Rop	Rus	ras	rip	ris	rop	ros	rus
roc's	Rocks	rocks	races	reces	ros	Rochus	Royces	Rocha	Roos	Ross	Rous	roes	roos	Robs	Rock	Roks	Rons	Roys	locs	rock	roms	rots	Rocco	Rica	Roans	Roefs	Roels	Roods	Rooks	Rooms	Roses	Roufs	focus	hocus	locus	pocus	robes	roers	roods	rooms	roots	rouxs	Rosa	Rose	ris	rosa	rosé	rvs	Cors	Erics	Rico	Ries	Roose	Royce	cros	rosse	Loïcs	Ronse	ROO	RSS	Res	Roo	Rus	ras	roe	rus	Rob	Ron	Rop	Roy	hoc	loc	rob	rog	rok	rol	rom	rop	rot	Croes	cross	grecs	trucs	Raas	Raes
rock-'n-roll	rockrally	rockwereld	rocken	rocker	rockende	rockend	rockers	rocknummer
rock-'n-rollen	zakkenrollen	rockrally	rookkanalen	rockwereld	rocknummer	rocker	rockopera	rectorale	rockers	rocknummers
rock-'n-roller	rockrally	rocknummer	rocker	rockopera	rockwereld	rocknummers	rockers	rectorale
rock-'n-rollmuziek	
roodlichtcamera's	roodlichtcamera 's	roodlichtcamera-'s	roodlichtcamera
s.v.p.	SP	vp	SUV	Sep	Sip	Spa	sap	sip	sop	spa	spe	vip	SGP	Seip	Sepp	Siep	Suva	save	soap	soep	Sijp	Skip	Sven	shop	sjap	slap	slip	slop	snap	snep	snip	somp	stap	step	stip	stop	swap
shetlandpony's	shetlandpony 's	shetlandpony-'s	shetlandpony
sms'en	sms 'en	sms-'en	Samsen	Somsen	smissen	smossen	smousen	Samson	Simson	smashen	Samen	samen	Sassen	sassen	sissen	sussen	Mesen	Simen	Sman	sms	sausen	simmen	sommen	smeu
sms'je	sms 'je	sms-'je	smoesje	mesje	musje	sms	sausje	smisse	sijsje	Simsek	Sasja	smoesjes	Samsen	Somsen	Masja	Sams	Sems	Sims	meisje	moesje	muisje	smis	smos	soms	Misja	Smies	smoes
sms'jes	smoesjes	smashes	mesjes	musjes	sausjes	soesjes	sijsjes	Smies	smoes	smisse	Sammes	meesjes	meisjes	mesje	moesjes	muisjes	musje	smoesje	sms	sausje	smis	smos
spring-in-'t-veld	springnetten	springnet	springvloed
stroomaf-	stroomaf	stroom	stroomde	stroman	stromat	stroomt	Stroomer	stroomop	triomf	straf	stroef	struma	stromen
stroomop-	stroomop	stroom	stroop	stroompje	strooidop	stroomt	Stroomer	stroomaf	stroomde	stomp	strop
t.a.v.	tv	Toeva	tab	Ta	TGV	TIA	Tai	Tao	Tea	Tia	atv	tai	tea	tgv	AOV	AVI	Ava	Ave	Avi	Tam	Tan	Tax	ave	taf	tag	tak	tal	tam	tap	tas	tja	tra	taai	T	V	ktv	t	v	Te	To	te	to	va	vat	EVA	Eva	Iva	eva
t.b.v.	tbc	BV	TB	bv	tb	tv	tab	tob	TGV	tbs	tgv	Tibo	Tobe	Tobi	tuba	tube
t.g.v.	TGV	tgv	tv	tag	tig	Togo	toga
t.h.t.	theet	tv-hit	tocht	tucht	Thor	Het	THE	The	Tot	het	hit	hot	hut	tet	the	tot	tut	THz	tft	Taat	Taha	Tata	Thai	Thea	Theo	Thie	Thio	Tita	Tito	Toto	teut	thee	tiet	titi	toet	toot	toto	tout	tuit	tutu	tuut	tête	Then	Thij	Thom	Thus	Tist	baht	chat	shit	shot	tact	takt	tapt	tart	tast	telt	temt	tent	test	tikt	tilt	tint	tipt	tobt	tolt	tont	topt	tost	trut	tuft	tukt
t.h.v.	TGV	tgv	tv	THE	The	hiv	the	THz	Taha	Thai	Thea	Theo	Thie	Thio	thee	Then	Thij	Thom	Thor	Thus
t.n.v.	nv	tv	TNO	Tan	Ten	Tin	Ton	ten	tin	ton	CNV	FNV	TGV	tgv	Tina	Tine	Tino	Toni	Tuna	tune	Tans	Teng	Ting	Tins	Tiny	Tonk	Tons	Tony	Tuns	tand	tang	tank	tent	tink	tint	tong	tont
t.o.v.	Toeva	tv	tob	To	to	ov	tover	TGV	Tao	Teo	tgv	toe	AOV	TNO	Tok	Tom	Ton	Tos	Tot	tod	tof	tok	tol	ton	top	tor	tos	tot	tooi	T	V	atv	ktv	t	v	Ivo	Yvo	Ta	Te	Vo	te
t.w.	twk	Te	te	T	W	btw	t	w	Ta	To	WW	to	BW	MW	TB	Ty	kW	mW	mw	tb	tl	tv	uw
t.w.v.	tv	TGV	UWV	tgv	twk	Twee	twee	Town	Twan	twen
t.z.t.	Tot	Zut	tet	tot	tut	zat	zet	zit	zot	tft	Taat	Tata	Tita	Tito	Toto	teut	tiet	titi	toet	toot	toto	tout	tuit	tutu	tuut	tête	Tist	tact	takt	tapt	tart	tast	telt	temt	tent	test	tikt	tilt	tint	tipt	tobt	tolt	tont	topt	tost	trut	tuft	tukt
tbs'er	tbs 'er	tbs-'er	Tesser	Buser	Tiber	Tober	BSE	Tse	tbs	Busser	baseer	bisser	tobber	tuiser	tetser	tabee	Tabbers	Tibers	tsaar	bitser	Base	Boeser	Tabor	Tobe	Touber	base	taboe	tabs	tube	tobbers	BS	TB	tb	Tibbe	Tibor	Tobes	tobbe	tubes	Tes	Tis	Tos	bes	tas	tos	Tess	Ties	Toes	tees	tres	Abes	Obes	Bess
tbs'ers	Tabbers	Tibers	Bossers	bissers	tobbers	tuisers	Tesser	Buser	Tiber	Tober	Tobes	taboes	tubes	tbs	Tibbes	Tibors	tobber	tobbes	tuiser	tetser	toetsers
tempore's	tempore 's	tempore-'s	tempore	temporeel	temporele	tempora	tompoes	tempera	Timorees	temper	empire	temporale	tempte	temmers	tempo	Tempert	tempert	Timorese	tempura	temperde	tempus	tumors	tempel	tempen	tempex
trompe-l'oeil	strompelde	strompelen	strompelig	Trommelen	trommelde	trommelen	trompette	trompetje	strompelige	trompe	trompetten	trompetter	trampoline	Tremelose	rimpelde	rimpelen	strompel	Tremelo	trommel	trompen	trompet	strompelt	trommels
tv'loos	tv 'loos	tv-'loos	talloos	Volos	vlos	vlooi	tomeloos	toonloos	Tolo	haveloos	laveloos	tools	vlo	vlies	Thools	toevloog	Tuls	tels	tool	vlas	Tills	viool	vlees	vloei
utility's	utility 's	utility-'s	utility	utilitair	utiliteit	uitliet	utilitaire	uitlieten	uitloten	uitlaten	atletes
v.	V	v	VI	Vo	Vu	va	vu	VN	VS	vj	vp	B	C	c	BV	XV	bv	cv	nv	ov	tv	uv	A	D	E	F	H	I	L	M	O	P	S	T	U	W	X	Y	Z	a	d	e	f	g	h	i	j	k	l	m
v.d.	VVD	vod	VLD	VS	cd	D	V	d	dvd	v	VI	Vo	Vu	va	vu	AD	Ad	Ed	ID	VN	ad	id	ud	vj	vp
v.h.	VHF	bh	vj	H	V	h	v	VI	Vo	Vu	va	vu	VN	VS	ah	oh	pH	vp
v.l.n.r.	Velner	Vlinder	vlinder	vlonder	V-snaar	Valent	Volmer	valnet	volant	Vlaar	Vleer	lener	valer	velen	veler	vlier	vloer	Venner	valere	valeur	velaar	vleier	voller	Tolner	Tulner	Veling	Velser	Velter	Volder	Volker	kelner	valser	vilder	volder	volens	volger	veiler	voeler	vuiler
v.r.n.l.	veronal	verniel	Versnel	versnel	Venlo	vrank	Brunel	vranke	Verne	Veron	Vural	varen	veren	voren	vuren	Vrind	Vrins	vrind	Verena	Verona	verrel	verrol	viraal	virale	viriel	vrille	Vernon	Verons	Virgil	kornel	varend	varens	verend	vereng	vergal	vering	vernam	vernis	versla	vertel	vertil	verval	vervel	vervul	vorens	vronen	vurend	voorn	vroon	Veurne	vierel	vooral	Veurns	Vriens	voorns	vriend
v.t.t.	Vette	vatte	vette	vitte	vutte	vort	vrat	Tot	VUT	tet	tot	tut	vat	vet	vit	vut	Viet	Vita	Vito	vaat	vete	veto	vite	voet	vota	voto	Stet	Vegt	Veth	Vith	Vogt	Vugt	stat	stut	valt	vast	velt	vent	vest	vilt	vist	vlet	vlot	volt	vont	vult	Ott
v.v.	VVD	VVE	VVV	BV	bv	cv	PVV	V	v	VI	Vo	Vu	va	vu	VN	VS	XV	nv	ov	tv	uv	vj	vp
v.v.t.	vivat	VUT	vat	vet	vit	vut	Viet	Vita	Vito	vaat	vete	veto	vite	vive	vivo	voet	vota	voto	Vegt	Vogt	Vugt	Yvet	valt	vast	velt	vent	vest	vilt	vist	vlet	vlot	volt	vont	vort	vrat	vult	VVE	VVV	VVD
v.w.b.	WOB	vbo	vwo	web	VSB	kwab	vmbo
verg.	verg	verga	vergt	Varga	virgo	veeg	Berg	berg	verf	ver	vorig	vurig	Erg	erg	vergaf	vergal	vergas	vergat	vergde	vergen	vergif	vergis	vergok	vergun	vergooi	Vega	Vera	Vere	vege	virago	voorga	vorige	vurige	merg	terg	velg	vers	vroeg	Veraa	Verra	Verre	verre	vereng	vraag	Verleg	Verweg	eeg	veer	vering	verlag	verleg	verlig	vermag	verzag	verzeg	vier	voeg	voer	g	EG	Vree	eg	vree	Greg	vrek	Veere	ge	Ger	Meg	heg	keg	leg	meg	neg	peg	var	weg	zeg
vgl.	Val	val	vel	vil	vol	vul
vijfdeursauto's	vijfdeursauto 's	vijfdeursauto-'s	vijfdeursauto	vakfederaties	vakfederatie	verfrest
vmbo'ers	Mobers	Ambers	vmbo	veeboer	mombers	Amber	amber	omber	momboors	vomeer
vnl.	VN	INL	Val	val	vel	vil	vol	vul
vnw.	VenW	VN	ANW	anw	vzw
voorz.	voorzei	voorzie	Voor	voor	voorzag	voorzat	voorzeg	voorzet	voorzit	Voors	Voort	voord	voorn	voors	voort	vroor	voer	vore
vs.	VS	VSB	Vos	vis	vos	BS	va	S	V	s	v	WvS	rvs	As	NS	PS	US	VI	VN	Vo	Vu	as	es	is	ms	os	vj	vp	vu
vwo'er	vwo 'er	vwo-'er	voer	vloer	vozer	zwoer	viewer	vore	veer	vier	wier	voet	ver	vwo	power	Swier	Zwier	veder	veger	veler	veter	vlier	zwier	Voor	voor	weer	woei	uwer	voed	voeg	voel	Vader	Vleer	vader	vager	vaker	valer	vloei	vroor	zweer	zwoor
w.o.	WAO	Woo	wou	WOB	WOZ	wok	wol	won	wow	W	w	O	o	vwo	WA	WW	Wu	we	WK	wc	Bo	CO	Do	Go	Ho	Io	Jo	Ko	Lo	Mo	Po	So	To	Vo	co	do	go	ho	mo	no	po	to	zo
w.v.t.t.k.	witteke	vertak	vertik	Wytske	totok	Westrik	overtik	wegtrek	wegtrok	Wieteke	Wietske	wetboek	wetlook	witboek	wegstak
ww.	WW	www	we	W	w	wow	WA	Wu	AWW	BW	MW	WK	kW	mW	mw	uw	wc
z'n	Zen	zen	zin	zon	Z	n	z	An	VN	Zi	an	en	in	on	ze	zo
z.g.	zag	zeg	zog	Z	g	z	Zi	ze	zo	BG	EG	Ng	cg	eg	hg	kg	mg	pg
z.g.a.n.	zagen	zegen	zogen	zeggen	zang	Gian	Zaan	Zana	gaan	zaan	zeugen	zuigen	Zwan	Ziani	Agana	Dogan	Logan	Megan	Zaman	Zoran	zwaan	Zen	gen	gin	gun	zag	zen	zin	zon	Zion	zaag	zeen	zien	zoen	zona	zoon	Zagt
z.i.	Zi	Zia	zei	zie	zij	zin	zip	zit	zo	Z	z	XI	I	i	uzi	ze	Iz	Ai	II	Ji	KI	Li	Si	VI	Yi	ai	bi	di	ei	ki	mi	pi	si	ui
z.o.z.	zozo	ziezo	Zaza	zo	Zoe	Zoé	Zoë	zoo	zou	WOZ	Zom	zog	zon	zot	zooi	Boaz	Boze	Roza	Roze	Zhou	Zion	Zoer	Zoey	Zoja	Zola	Zoom	Zora	Zoés	Zoës	Zoëy	boze	loze	roze	voze	zoab	zoal	zode	zoef	zoek	zoel	zoem	zoen	zoet	zona	zone	zood	zoog	zool	zoom	zoon	zoop	zoor	zoos	zore	zout	Aziz	Zi	Iz	Z	z	Zia	zei	zie	ze	Hz	KZ	Zee	zee
z.s.m.	sm	zalm	zwam	Sam	Sem	Sim	Zom	sim	som	zes	zus	gsm	Zoom	zeem	zoem	zoom	Asim	Asma	Esma	Esme	Esmé	Zijm	asem	isme	zwem	zwom
zgn.	Zen	zen	zin	zon
zo'n	zo 'n	zo-'n	zon	zoen	zoon	Zorn	Zion	zin	zona	zone	Zom	zond	zong	zonk	zont	ozon	zo	on	Zen	zen	Don	Jon	Kon	Mon	Ron	Son	Ton	Zoe	Zoé	Zoë	bon	con	don	ion	jon	kon	non	pon	ton	won	zog	zoo	zot	zou
zomerprogramma's	zomerprogramma 's	zomerprogramma-'s	zomerprogramma	bekerprogramma	menuprogramma	kopieerprogramma	spaarprogramma	stuurprogramma	mailprogramma
