's anderendaags	's  anderendaags
's avonds	's  avonds
's middags	's  middags
's nachts	's  nachts
's ochtends	's  ochtends
't is dief en diefjesmaat	't is dief e diefjesmaat	'th is dief en diefjesmaat	't is di-ef en diefjesmaat	't iss dief en diefjesmaat	't is dienf en diefjesmaat	't is ddief en diefjesmaat	't is diijf en diefjesmaat	'd is dief en diefjesmaat	't isch dief en diefjesmaat	't is dyf en diefjesmaat	't is dy'f en diefjesmaat	't is diaif en diefjesmaat	't is dif en diefjesmaat
1 aprilgek	
1 aprilgrap	aprilgrap
1 aprilmop	
11 julifeest	
11 juliviering	
21 juliviering	
24 uursdienst	
24 uurseconomie	
24 uursservice	
5 meiherdenking	5 mieherdenking	meiherdenking
5 meiviering	5 mieviering	meiviering
8 uurjournaal	uurjournaal
Al Qaida	All Qaida
American football	
Ardenner ham	
Ardense hesp	
Bosnië en Herzegovina	Bosnië e Herzegovina	Bossnië en Herzegovina	Boschnië en Herzegovina	Beausnië en Herzegovina
Botnische Golf	
Bovenwindse Eilanden	
Britse Eilanden	Britsen Eilanden
Canarische Eilanden	
Champions League	
Champions Leaguewedstrijd	Champions Leaguewedstrijd
Christian Science	Christian-scientist
Costa Ricaan	Costa Ricaans	Costa Rica
Den Bosch	De Bosch	Dijn Bosch	Deden Bosch
Den Haag	De Haag	Deden Haag	Dijn Haag
Dode Zeerollen	Dodde Zeerollen	Doden Zeerollen
Dolle Mina	Dollen Mina
Don Juan	Donjuan
Don Quichot	Donquichot
Downing Street	Downing Streed
Eerste Kamerfractie	Eersten Kamerfractie	Eerste Kamerfractie
Eerste Kamerlid	Eersten Kamerlid	Eerste Kamerlid
Eerste Kamervoorzitter	Eersten Kamervoorzitter	Eerste Kamervoorzitter
El Salvador	Ell Salvador	IJl Salvador
Frans Jozefland	
Golf van Biskaje	Gollf van Biskaje	Geaulf van Biskaje	Cholf van Biskaje	Ggeolf van Biskaje
Guinees biggetje	
Hof van Cassatie	Heauf Van cassatie
Hoge Raad	Hoge Raat	Hogen Raad
Iberisch Schiereiland	
Indian summer	
Irish coffee	
Jan Klaassen	Jan Klaasse	Janklaassen
Jut en Jul	Jut En joel	Jut e Jul	Juth en Jul	Joet en Jul	Jud en Jul	Jijt en Jul	IJut en Jul
Keti Koti	
Klein Duimpje	Klijn Duimpje	Kleinduimpje
Kol Nidrei	Col Nidrei
Land van Kokanje	Landd van Kokanje	Lland van Kokanje
Lodewijk XV-meubel	Lodewijk XV-meubel
Magere Hein	Magere Hien
Maltezer kruis	
Maltezer leeuwtje	
Middellandse Zee	Middellandse Zeen
Middellandse Zeegebied	Middellandse Zeegebit
Middellandse Zeekust	
Middellandse Zeeland	
Mont Blancbeklimming	Mont Blankbeklimming	Mond Blancbeklimming
Nauw van Calais	Na-uw van Calais	Naoew van Calais	Naijw van Calais
Nederlandse Antillen	
New York	
New Yorker	
New Yorks	
Nova Zembla	
Porto Ricaan	
Porto Ricaans	
Porto Rico	Portorico
Puerto Ricaan	Puerto Ricaans	Puerto Rica
Puerto Rico	Puerto Rica
Queen Annestijl	Queen Annestijl	Keen Annestijl	Kween Annestijl	Ken Annestijl
Rode Duivelswedstrijd	Rode Duivelswedstrijd	Roden Duivelswedstrijd
Rode Kruispost	Roden Kruispost
Rosj Hasjana	
San Andreasbreuk	
San Marinees	
San Marino	
Schotse Hooglanden	Schotsen Hooglanden
Simchat Thora	
Sri Krisjna	
Sri Lanka	
Sri Lankaan	
Sri Lankaans	
Stille Oceaangebied	Stille Oceaangebit	Stillen Oceaangebied
Sturm und Drang	Stijrm Und drang	Sdurm Und drang	Stoerm Und drang	Sthurm Und drang	Schturm Und drang	Ssturm Und drang
Temmincks strandloper	
Tour de France	To-ur de France	Tour den France	Tooer de France	Tour de Franke	Tour dij France	Toijr de France	Teauur de France	Thour de France	Dour de France
Tweede Kamer	Tweeden Kamer	 tweede kamer
Tweede Kamercommissie	Tweeden Kamercommissie	 tweede Kamercommissie	Tweede Kamercommissie
Tweede Kamerfractie	Tweeden Kamerfractie	 tweede Kamerfractie	Tweede Kamerfractie
Tweede Kamergebouw	Tweeden Kamergebouw	 tweede Kamergebouw	Tweede Kamergebouw
Tweede Kamerlid	Tweeden Kamerlid	 tweede Kamerlid	Tweede Kamerlid
Tweede Kamerlidmaatschap	Tweeden Kamerlidmaatschap	 tweede Kamerlidmaatschap	Tweede Kamerlidmaatschap
Tweede Kamervoorzitter	Tweeden Kamervoorzitter	 tweede Kamervoorzitter	Tweede Kamervoorzitter
Vlaamse kermis	
Witte Huiswoordvoerder	Witten Huiswoordvoerder
Zaanse klok	
Zwarte Zeevloot	Zwarten Zeevloot	Zwartte Zeevloot
a capella	capella
a fortiori	
a posteriori	posteriori
a prima vista	
a priori	
a vista	
aan den lijve	aan de lijve	a-an den lijve	aan den lijven	aan den lijve	aan dijn lijve	aan deden lijve
aan weerszijden	aan weerszijde	aan weerszijden
aanw. vnw.	
abortus provocatus	
accent aigu	
accent circonflexe	
accent grave	accent graven
acid house	acid housen
ad fundum	ad  fundum
ad hoc	ad  hoc	ad hok
ad hominem	ad  hominem
ad interim	ad  interim
ad rem	ad  rem	ad rijm
ajam pangang	
al dente	all dente
algemeen directeur	algemenen directeur
algemeen secretaris	algemenen secretaris
algemene gaswet	algemenen gaswet
all right	
alle drie	allen drie
alma mater	alma matter
als de wiedeweerga	als  de wiedeweerga	alss de wiedeweerga	als den wiedeweerga	alls de wiedeweerga	als dij wiedeweerga	alsch de wiedeweerga
alter ego	alter echo
angina pectoris	
anno Domini	
anorexia nervosa	
art deco	
art nouveau	
assistent in opleiding	assistet in opleiding	assisthent in opleiding	assistenth in opleiding	assisttent in opleiding	asssistent in opleiding	assisstent in opleiding	assistennt in opleiding	assistijnt in opleiding	assisdent in opleiding	assistend in opleiding	aschsistent in opleiding	asschistent in opleiding	assischtent in opleiding
au bain-marie	au ben-marie
au pair	au per
auctor intellectualis	
auto van de zaak	autho van de zaak	a-uto van de zaak	auto van den zaak	aoeto van de zaak	auto van dij zaak	audo van de zaak	aijto van de zaak	auteau van de zaak
avant la lettre	avanth la lettre	avand la lettre
babi pangang	
bal masqué	
bami goreng	
bar mitswa	
basso continuo	
bat mitswa	bad mitswa
beau monde	beau monden	beau mondde
belle époque	bellen époque
benefit of the doubt	
bez. vnw.	
bezakt en bepakt	bezakt e bepakt	bezakth en bepakt	benzakt en bepakt	bijzakt en bepakt	bezakd en bepakt	bessakt en bepakt	bezax en bepakt	bezaqut en bepakt	bezacct en bepakt	baizakt en bepakt	bezact en bepakt
biecht horen	biecht-horen
big bang	
bij geruchte vernemen	bi-j geruchte vernemen	bij geruchten vernemen	bij geruchte vernemen	bei geruchte vernemen
bij machte	bij machten	bij machte
bij nachte	bij nachten	bij nachte
bitter lemon	
black box	black boks
black metal	
blind date	blind daten
blind vlieg	
blind vliegen	
blind vliegt	
blind vlogen	
blind vloog	
bloody mary	
boa constrictor	
bon mot	bont mot
bon ton	bont ton	bon tont	bon don
bon vivant	bont vivant
boulimia nervosa	
braak leggen	
brave hendrik	
breed lachend	breedlachend
broodje aap	
café chantant	
café noir	
camera obscura	
cannabis sativa	
capita selecta	
casu quo	
ceteris paribus	
chaise longue	
chateau migraine	
chef d'équipe	
chef de cuisine	chenf de cuisine	chef den cuisine	khef de cuisine	sshef de cuisine	chijf de cuisine	chef dij cuisine	gef de cuisine	chaif de cuisine
chili con carne	chilli con carne	khili con carne	chili kon carne	sshili con carne	gili con carne
civiel ingenieur	
close harmony	
close reading	
cola light	kola light
cold case	
cold turkey	
collect call	
coming man	
commedia dell'arte	
common rail	common rel
communis opinio	
compact camera	compactcamera
compact cassette	compact cassetten
compact disc	compact disk
conceptual art	
concours hippique	
conditio sine qua non	contditio sine qua non	condithio sine qua non	conditio ssine qua non	conditio sinen qua non	condditio sine qua non	konditio sine qua non	ssonditio sine qua non	conditio sinij qua non	condidio sine qua non	conditio schine qua non	conditio sine ka non	conditio sinai qua non	ceaunditio sine qua non	conditieau sine qua non
condition humaine	
consilium abeundi	
contradictio in terminis	conttradictio in terminis	conthradictio in terminis	contradicthio in terminis	contraddictio in terminis	kontradictio in terminis	contradiktio in terminis	ssontradictio in terminis	contradisstio in terminis	condradictio in terminis	contradicdio in terminis	ceauntradictio in terminis	contradictieau in terminis
cordon bleu	kordon bleu
cordon sanitaire	kordon sanitaire
corps diplomatique	korps diplomatique	corps diplomatiek
corpus delicti	
couleur locale	
coupe soleil	coupen soleil
coûte que coûte	coûthe que coûte	coûtte que coûte	coûten que coûte	koûte que coûte	ssoûte que coûte	coûtij que coûte	coûde que coûte	coûte k coûte	coûtai que coûte	ceauûte que coûte
crime passionnel	
crème au beurre	crèmen au beurre	krème au beurre	ssrème au beurre	crèmij au beurre	crèmai au beurre
crème brûlée	
crème de la crème	crèmen de la crème	crème den la crème	crème dde la crème	krème de la crème	ssrème de la crème	crèmij de la crème	crème dij la crème	crèmai de la crème	crème dai la crème	crème dede la crème
crème fraîche	
cum laude	cum lauden
cum suis	
curriculum vitae	
daarbij behorend	daarbij behorend	daarbij bijhorend
dalai lama	
dame blanche	
danse macabre	dansen macabre
dark horse	dark horsen
de bout hachelen	den bout hachelen	dde bout hachelen	dij bout hachelen	de boud hachelen	de bout hagelen	dai bout hachelen	dede bout hachelen
de dato	den dato	dij dato
de facto	den facto	dij facto
de hele bubs	den hele bubs	de helen bubs	de helle bubs	dde hele bubs	dij hele bubs	dai hele bubs	dede hele bubs
de hemel in prijzen	den hemel in prijzen	de henmel in prijzen	de hemenl in prijzen	de hemell in prijzen	dde hemel in prijzen	de hemel in prijzen	dij hemel in prijzen	de hijmel in prijzen	de hemijl in prijzen	dai hemel in prijzen	de haimel in prijzen	de hemail in prijzen	dede hemel in prijzen
de jure	den jure	dij jure
dementia praecox	
democratisch socialist	democratisch-socialistisch	sociaaldemocratisch
der keerlen god	denr keerlen god	dërs keerlen god	dder keerlen god	dijr keerlen god	dair keerlen god	deder keerlen god
deus ex machina	de-us ex machina	deuss ex machina	denus ex machina	deoes ex machina	ddeus ex machina	dijus ex machina	deijs ex machina	deusch ex machina	daius ex machina	dedeus ex machina
diabetes mellitus	
die en die	die e die	di-e en die	dien en die	die en dien	ddie en die	diij en die	dy en die	dy' en die	diai en die	di en die	die en di
dies natalis	diens natalis	dis natalis
direct mail	
direct marketing	
docking station	docking stadion
dolle mina	dollen mina
domme august	dommen august
domus Dei	domus Die	domus Dij
dood gewaand	
dood gewaande	dood gewaanden
dood wanen	dood-wanen	doodzwanen
door en door	door e door	doir en door	do-or en door	ddoor en door	deaur en door	deauor en door	doeaur en door
dramatis personae	dramatisch personae
drie tiende	drie tienden	drie diende
drie vierde	drie vierden	drie  vierde
drie vijfde	drie vijfden	drie  vijfde	drie vijfde
dubbele axel	dubbelen axel
due diligence	
döner kebab	
earl grey	
easy listening	
easy rider	easy ridder
eau de cologne	ea-u de cologne	enau de cologne	eau den cologne	eaoe de cologne	ijau de cologne	eau dij cologne	eaij de cologne	aiau de cologne
eau de toilette	ea-u de toilette	enau de toilette	eau den toilette	eau de toiletten	eaoe de toilette	ijau de toilette	eau dij toilette	eaij de toilette	aiau de toilette
een derde	een  derde	enen derde	een derden
een tiende	een  tiende	enen tiende	een tienden	een diende
een vierde	een  vierde	enen vierde	een vierden
een zesde	een  zesde	enen zesde	een zesden
eigener beweging	
en bloc	e bloc	en blok
en détail	e détail
en en	e en	en e	enen	enten	enden	enken
en face	e face	en fake
en masse	e masse
en plein public	e plein public	enn plein public	ijn plein public	ain plein public
en profil	e profil
enfant terrible	
entre nous	
er bekaaid van afkomen	er bekaed van afkomen	er beka-aid van afkomen	er bekaa-id van afkomen	enr bekaaid van afkomen	er benkaaid van afkomen	ërs bekaaid van afkomen	er bekaaidd van afkomen	ijr bekaaid van afkomen	er bijkaaid van afkomen	er bequaaid van afkomen	er beccaaid van afkomen	air bekaaid van afkomen	er baikaaid van afkomen	er becaaid van afkomen
er bij zeggen	er bij zegge	enr bij zeggen	ërs bij zeggen	er bij zeggen	ijr bij zeggen	air bij zeggen
eraan toe	eraan toen	eraan doe	eraan tout
erbij horen	erbij horen
erbij krijgen	erbij krijgen
erbij roepen	erbij roepen
erdoorheen krijgen	erdoorheen krijgen
ergens achter komen	erges achter komen	ergenss achter komen	enrgens achter komen	ergenns achter komen	ërsgens achter komen	ijrgens achter komen	ergijns achter komen	ergens achter komijn	erchens achter komen	ergensch achter komen	airgens achter komen	ergains achter komen	erggeens achter komen
ergens heen kijken	erges heen kijken	ergenss heen kijken	enrgens heen kijken	ergenns heen kijken	ergens henen kijken	ërsgens heen kijken	ergens heen kijken	ijrgens heen kijken	ergijns heen kijken	erchens heen kijken	ergensch heen kijken	airgens heen kijken	ergains heen kijken	erggeens heen kijken
ergens over praten	erges over praten	ergenss over praten	enrgens over praten	ergenns over praten	ërsgens over praten	ijrgens over praten	ergijns over praten	erchens over praten	ergensch over praten	airgens over praten	ergains over praten	erggeens over praten
ergens tegenover staan	erges tegenover staan	ergenss tegenover staan	enrgens tegenover staan	ergenns tegenover staan	ërsgens tegenover staan	ijrgens tegenover staan	ergijns tegenover staan	erchens tegenover staan	ergensch tegenover staan	airgens tegenover staan	ergains tegenover staan	erggeens tegenover staan
ergens vanaf willen	erges vanaf willen	ergens vanaf wille	ergenss vanaf willen	enrgens vanaf willen	ergenns vanaf willen	ërsgens vanaf willen	ijrgens vanaf willen	ergijns vanaf willen	erchens vanaf willen	ergensch vanaf willen	airgens vanaf willen	ergains vanaf willen	erggeens vanaf willen
eruit liggen	
et al.	ent al	et all
et alii	ent alii
et cetera	ent cetera
even groot	
even lang	
ex aequo	
ex cathedra	
ex dividend	ex-dividend
ex libris	
ex tempore	
ex tempore's	
ex temporeetje	temporeetje
ex voto	
extended family	
fair play	
fait accompli	
fancy fair	
fata morgana	
faux pas	faux pa's	faux pass
femme fatale	
feng shui	
filet americain	
filet d'anvers	
fin de siècle	fin den siècle	fin dij siècle
financieel directeur	
first lady	
first out	first oud
fiscaal jurist	
flat character	
force majeure	
free kick	freeskick
fruits de mer	fruiths de mer	fru-its de mer	fruitss de mer	fruits den mer	froeits de mer	fruits dij mer	fruids de mer	frijits de mer	fruitsch de mer	freuts de mer
frutti di mare	fruthti di mare	frutthi di mare	frutti di maren	froetti di mare	frudti di mare	frutdi di mare	frijtti di mare
full colour	
full house	full housen
gas geven	gas geve
gas- en lichtrekening	gas- e lichtrekening	gass- en lichtrekening	chas- en lichtrekening	gasch- en lichtrekening	ggeas- en lichtrekening
gefilte fisj	
gekke henkie	gekken henkie
gelijk op	gelijk op
gemengd dubbel	
gentleman's agreement	
gepokt en gemazeld	gepokt e gemazeld	gepokth en gemazeld	genpokt en gemazeld	gijpokt en gemazeld	chepokt en gemazeld	gepokd en gemazeld	gepeauct en gemazeld	gepox en gemazeld	gepoqut en gemazeld	gepocct en gemazeld	gaipokt en gemazeld	ggeepokt en gemazeld	gepeaukt en gemazeld	gepoct en gemazeld	gepokét en gemazeld
geruime tijd	geruime tijd
gestand blijven	gestand blijven
gestand doen	gestand doe
getuige à decharge	gethuige à decharge	getu-ige à decharge	gentuige à decharge	getuigen à decharge	getoeige à decharge	gijtuige à decharge	getuigij à decharge	chetuige à decharge	getuiche à decharge	geduige à decharge	getijige à decharge	geteuge à decharge	gaituige à decharge	getuigai à decharge	ggeetuige à decharge
ginkgo biloba	
glas in lood	glas in loot	glass in lood	gllas in lood	chlas in lood	glasch in lood	ggelas in lood
goed komen	goed komijn
golden delicious	
golden retriever	
gothic novel	
goud smeden	goudsmeden	goud-smeden
gouden eeuw	
grand café	
grand prix	
grand seigneur	
grand slam	
grand slams	
granny smith	
groen geverfd	groengeverfd
grosso modo	
halt houden	
hand in hand	handd in hand
happy end	happy ent
happy few	
happy hour	
hare krisjna	haren krisjna
haricots verts	
haring kaak	haringkaak
haring kaakt	
haring kaken	haring-kaken	haringskaken
haring speten	haring spetten	haring spijten
haute couture	
haute cuisine	
heavy metal	
heden ten dage	hede ten dage	heden te dage	henden ten dage	hedenn ten dage	heden ten dagen	hedden ten dage	hijden ten dage	hedijn ten dage	heden den dage	hten ten dage	heden ten daag	haiden ten dage	hedain ten dage	hededen ten dage
heer des huizes	he-er des huizes	hener des huizes	heenr des huizes	heërs des huizes	hijer des huizes	heijr des huizes	hér des huizes	hër des huizes	haier des huizes	heair des huizes
heg noch steg	heng noch steg	heg noch steng	hijg noch steg	heg noch stijg	hech noch steg	heg nog steg	haig noch steg	hegge noch steg
heilig verklaard	heilig verklaart
hepatitis B-injectie	hepatitis-B-injectie	hepatitistb-injectie
het is menens	heth is menens	hent is menens	hijt is menens	hed is menens	hait is menens
high five	
high society	
hocus pocus	
homo australopithecus	
homo erectus	
homo habilis	
homo sapiens	
homo universalis	
honderd miljoen	
honoris causa	
hora est	hora ijst
huis aan huis	hu-is aan huis	huiss aan huis	hoeis aan huis	hijis aan huis	huisch aan huis	heus aan huis	huis aan heus
human resources	human ressources
huns weegs	
hysteron proteron	
ideale gaswet	idealen gaswet
idiot savant	
in absentia	
in abstracto	
in allen gevalle	in alle gevalle	in allen gevallen
in beslag nemen	in beslag neme	in bijslag nemen
in casu	
in concreto	
in de lorum	in den lorum	in dij lorum
in de luren leggen	in den luren leggen	in de loeren leggen	in dde luren leggen	in dij luren leggen	in dai luren leggen	in dede luren leggen
in defensiekringen	
in den beginne	in de beginne	in den beginnen	in dijn beginne	in deden beginne
in den lande	in de lande	in den landen	in den landde	in dijn lande	in deden lande
in den vreemde	in de vreemde	in den vreemden	in dijn vreemde	in deden vreemde
in dier voege	in dier voegen
in dubio	
in duplo	
in dusverre	
in een mum van tijd	in ee mum van tijd	in e-en mum van tijd	in enen mum van tijd	in eenn mum van tijd	in een moem van tijd	in een mum van tijd	in ijen mum van tijd	in eijn mum van tijd	in een mijm van tijd	in én mum van tijd	in ën mum van tijd	in aien mum van tijd	in eain mum van tijd
in extenso	
in extremis	
in familiehanden	
in feite	in feiten
in gebreke	in gebreken
in gebruik nemen	in gebruik neme
in gebruik stellen	
in godsnaam	
in groten getale	in grote getale	in grotten getale
in hemelsnaam	
in het zweet zijns aanschijns	in heth zweet zijns aanschijns	in het zweeth zijns aanschijns	in het zwe-et zijns aanschijns	in hent zweet zijns aanschijns	in het zwenet zijns aanschijns	in het zweent zijns aanschijns	in het zweet zijns aanschijns	in hijt zweet zijns aanschijns	in het zwijet zijns aanschijns	in het zweijt zijns aanschijns	in hed zweet zijns aanschijns	in het zweed zijns aanschijns	in het ssweet zijns aanschijns	in het zwét zijns aanschijns
in koelen bloede	in koele bloede	in koelen bloeden	in koelen bloedde	in koelen blote
in memoriam	
in modekringen	modekringen
in natura	
in optima forma	
in petto	
in privéhanden	privéhanden
in regeringshanden	
in spe	
in staatshanden	staatshanden
in stand houden	
in stand houdend	instandhoudend
in stand houdende	
in statu nascendi	
in studentenkringen	
in triplo	
in vivo	
in voce	
in vredesnaam	
in werking treden	in werking trede
in z'n uppie	
in zoverre	
in- en ingemeen	in- e ingemeen
ingenomen met	ingenomen ment	ingenomen mijt
ingenomen tegen	ingenomen tijgen	ingenomen degen
ins en outs	ins e outs	inss en outs	ins en ouds	insch en outs
intensive care	
ipso facto	
jaar in jaar uit	ja-ar in jaar uit	ijaar in jaar uit
jaar op jaar	ja-ar op jaar	ijaar op jaar
jack russell	
jeu de boules	je-u de boules	jenu de boules	jeu den boules	jeoe de boules	ijeu de boules	jiju de boules	jeu dij boules	jeij de boules	ëu de boules	jaiu de boules
jeune premier	
joint venture	joint venturen
junior manager	
just in time	justh in time	jusst in time	just in timen	joest in time	ijust in time	jusd in time	jijst in time	juscht in time
karnemelkse pap	
kijk- en luistergeld	kijk- e luistergeld	ki-jk- en luistergeld	kijk- en luistergeld	keik- en luistergeld	quijk- en luistergeld	kijqu- en luistergeld	ccijk- en luistergeld	kijcc- en luistergeld	cijk- en luistergeld	kijc- en luistergeld
kinds zijn	kinds zijn
klein houden	
kol nidrei	col nidrei
kond doen	kond doe
kort geding	
korte golf	kortte golf	korten golf	korde golf
kunst- en vliegwerk	kunst- e vliegwerk	kunsth- en vliegwerk	kunsst- en vliegwerk	koenst- en vliegwerk	kunsd- en vliegwerk	kijnst- en vliegwerk	kunscht- en vliegwerk	quunst- en vliegwerk	ccunst- en vliegwerk	cunst- en vliegwerk
laisser aller	
laisser faire	
laissez passer	
land- en volkenkunde	land- e volkenkunde	lland- en volkenkunde	landd- en volkenkunde
lapis lazuli	
last minute	last minuten
latin jazz	
latin lover	
latin rock	
leeg raken	leeg rake	leeg racen
licht verteerbaar	ligt verteerbaar
light verse	
lik op stuk	llik op stuk	liqu op stuk	licc op stuk	lic op stuk	lik op stuc
linea recta	
lingua franca	
lost generation	
low budget	
low cost	low kost
low profile	
magisch realisme	
managing director	
mastino napoletano	
mavo 4-leerling	mavo-4-leerling
maître d'hôtel	
mea culpa	
mer à boire	menr à boire	mërs à boire	mijr à boire	mair à boire
met dien verstande	met die verstande	meth dien verstande	ment dien verstande	mijt dien verstande	med dien verstande	mait dien verstande
met veel verve	meth veel verve	ment veel verve	met veel verven	mijt veel verve	med veel verve	mait veel verve
met verve	ment verve	met verven	mijt verve
met voorbedachten rade	met voorbedachte rade	meth voorbedachten rade	ment voorbedachten rade	met voorbedachten raden	met voorbedachten radde	mijt voorbedachten rade	med voorbedachten rade	mait voorbedachten rade
middle class	
mijn en dijn	mijn e dijn	mi-jn en dijn	mijn en dijn	mein en dijn	mijn en dein
mijns inziens	mijns inziens
militant nationalistisch	
minimal art	
minimal music	
mis poes	miss poes
mixed grill	mixend grill	mixt grill
mixed pickles	mixend pickles	mixt pickles
mo A	mora
mo A-akte	mo A-akten
mo B	
moleculair bioloog	
moment suprême	
mond op mond	montd op mond	mondd op mond	meaund op mond
multiple choice	
multiple sclerose	
mutatis mutandis	
naar binnen	
naar de barbiesjes	na-ar de barbiesjes	naar den barbiesjes	naar dij barbiesjes
naar de barrebiesjes	na-ar de barrebiesjes	naar den barrebiesjes	naar dij barrebiesjes
naar den vleze	naar de vleze	na-ar den vleze	naar den vlezen	naar dijn vleze	naar deden vleze
naar hartenlust	naar hartenlijst
nasi goreng	
nasi rames	
native speaker	
nek aan nek	nenk aan nek	nijk aan nek	nequ aan nek	necc aan nek	naik aan nek	nec aan nek
new age	
new wave	
niet-gouvernementele organisatie	
no cure	
no pay	
noblesse oblige	
nogal wiedes	
nolens volens	
nom de guerre	nom den guerre	nom dij guerre	neaum de guerre
nom de plume	nom den plume	nom dij plume	neaum de plume
nooit ofte nimmer	nooith ofte nimmer	noo-it ofte nimmer	no-oit ofte nimmer	nooid ofte nimmer	neauit ofte nimmer	neauoit ofte nimmer	noeauit ofte nimmer
not amused	
nota bene	nota benen
nouveaux riches	
numerus clausus	
numerus fixus	
o jee	eau jee
of all people	eauf all people
of all places	eauf all places
of zo	
old boys network	olld boys network	oldd boys network	eauld boys network
olie voor voedsel	oli-e voor voedsel	olien voor voedsel	ollie voor voedsel	oliij voor voedsel	oly voor voedsel	oly' voor voedsel	olie voort voedsel	oliai voor voedsel	eaulie voor voedsel	oli voor voedsel
om den brode	om de brode	om den broden	om dijn brode	om deden brode	eaum den brode
om en om	om e om	eaum en om
on speaking terms	ont speaking terms	eaun speaking terms
on the rocks	
onder ede	onder ende	onder eden	onder te
onder meer	
ongelovige thomas	ongelovigen thomas
onov. ww.	
onverrichter zake	onverrichter zaken
onzes inziens	
oorlog voeren	oorlogvoeren
op ad-hocbasis	op at-hocbasis	ophad-hocbasis
op de bonnefooi	op den bonnefooi	op dij bonnefooi	eaup de bonnefooi
op de pof	op den pof	op dij pof	eaup de pof
op ooghoogte	ophooghoogte
op uitleenbasis	
op zichzelf	
open source	
openbaar maken	openbaar make
oral history	
oratio pro domo	orathio pro domo	oradio pro domo	eauratio pro domo	oratieau pro domo
ouder gewoonte	ouder gewoonten
out of the blue	
over the counter	
overboord gooien	
pain à la grecque	pen à la grecque	pa-in à la grecque
panna cotta	
par excellence	
pars pro toto	parss pro toto	parsch pro toto
partij kiezen	partij kiezen
pas de deux	pass de deux	pas den deux	pas dij deux	pasch de deux
pas op de plaats	pass op de plaats	pas op den plaats	pas op dij plaats	pasch op de plaats	pas eaup de plaats
paso doble	
patates frites	
patati patata	
pater familias	
patience spelen	patience spellen	patience spijlen	patience spellingen
peau de pêche	pea-u de pêche	penau de pêche	peau den pêche	peaoe de pêche	pijau de pêche	peau dij pêche	peaij de pêche	paiau de pêche
per capita	pair capita
per se	pair se	perse
perpetuum mobile	
persona non grata	personta non grata	perssona non grata	penrsona non grata	përssona non grata	pijrsona non grata	perschona non grata	pairsona non grata	perseauna non grata
personal computer	
petit restaurant	
pico bello	
pisang goreng	
pièce de résistance	piècen de résistance	pièce den résistance	pièke de résistance	pièsse de résistance	piècij de résistance	pièce dij résistance	piècai de résistance
plaats delict	plaats-delict
plan de campagne	plan den campagne	pllan de campagne	plan dij campagne
plat du jour	plath du jour	plat doe jour	pllat du jour	plad du jour	plat dij jour
poste restante	postte restante	posten restante	poste restanten
posttraumatisch stresssyndroom	
premie A-woning	premie-A-woning
prima donna	
primus inter pares	primuss inter pares	primoes inter pares	primijs inter pares	primusch inter pares
pro Deo	
pro bono	
pro forma	
pro memorie	pro memory
pseudologia fantastica	
public relations	
pur sang	poer sang
qualitate qua	qualitate ka
qui pro quo	qu-i pro quo	qoei pro quo	qiji pro quo	qeu pro quo	ki pro quo	kwi pro quo
recht voor z'n raap	rechth voor z'n raap	recht voir z'n raap	recht vo-or z'n raap	rencht voor z'n raap	rechts voor z'n raap	rekht voor z'n raap	ressht voor z'n raap	rijcht voor z'n raap	rechd voor z'n raap	regt voor z'n raap	recht voort z'n raap	regd voor z'n raap	recht veaur z'n raap	raicht voor z'n raap	recht veauor z'n raap
rechttoe rechtaan	
rector magnificus	
reductio ad absurdum	reducthio ad absurdum	renductio ad absurdum	redoectio ad absurdum	redductio ad absurdum	reduktio ad absurdum	redusstio ad absurdum	rijductio ad absurdum	reducdio ad absurdum	redijctio ad absurdum	rtuctio ad absurdum	raiductio ad absurdum	reductieau ad absurdum
remedial teacher	
remedial teaching	
remote sensing	
rigor mortis	
roaring twenties	
roestvrij staal	roestvrij staal
rond krijgen	rond krijgen
ruim bemeten	
running gag	
running mate	running matte	running maten	running made
salade niçoise	
salam aleikum	
salto mortale	saldo mortale
second opinion	
selffulfilling prophecy	
senior partner	
septic tank	septic dank
shish kebab	
short story	
sinds mensenheugenis	
slecht verlicht	slecht verligt
slow motion	
sociaal geneeskundige	sociaal geneeskundigen
sociaal geograaf	
sociaal psycholoog	sociaalpsychologisch
sociaal verpleegkundige	sociaal verpleegkundigen
socialistisch realisme	socialistisch-realistisch
sotto voce	
spic en span	spic e span	sspic en span	spik en span	spiss en span	schpic en span
spina bifida	
stage lopen	stagen lopen	staag lopen
stante pede	stante pende
stap voor stap	sthap voor stap	sstap voor stap	sdap voor stap	schtap voor stap	stap voort stap
state of the art	
stenen gooien	steen gooien
stille willie	stillen willie
stroomaf- en stroomopwaarts	stroomaf- e stroomopwaarts	sthroomaf- en stroomopwaarts	stro-omaf- en stroomopwaarts	sstroomaf- en stroomopwaarts	sdroomaf- en stroomopwaarts	schtroomaf- en stroomopwaarts	streaumaf- en stroomopwaarts	streauomaf- en stroomopwaarts	stroeaumaf- en stroomopwaarts
stroomop- en stroomafwaarts	stroomop- e stroomafwaarts	sthroomop- en stroomafwaarts	stro-omop- en stroomafwaarts	sstroomop- en stroomafwaarts	sdroomop- en stroomafwaarts	schtroomop- en stroomafwaarts	streaumop- en stroomafwaarts	streauomop- en stroomafwaarts	stroeaumop- en stroomafwaarts	stroomeaup- en stroomafwaarts
studium generale	
stuk voor stuk	sthuk voor stuk	sstuk voor stuk	stoek voor stuk	sduk voor stuk	stijk voor stuk	schtuk voor stuk	stuk voort stuk	stuqu voor stuk	stucc voor stuk	stuc voor stuk	stuk voor stuc
sub rosa	schub rosa
sudden death	schudden death
sui generis	sui generisch
syndroom van Asperger	syndroeaum Van asperger	syndreauom Van asperger	syndreaum Van asperger	schyndroom Van asperger	sijndroom Van asperger	synddroom Van asperger	ssyndroom Van asperger	syndro-om Van asperger
tabula rasa	
tai chi	te chi	tai-chi
te berde brengen	the berde brengen	te  berde brengen	tte berde brengen	ten berde brengen	tij berde brengen	de berde brengen	tai berde brengen
te bestemder plaatse	the bestemder plaatse	te  bestemder plaatse	tte bestemder plaatse	ten bestemder plaatse	te bestemder plaatsen	tij bestemder plaatse	de bestemder plaatse	tai bestemder plaatse
te bestemder tijd	the bestemder tijd	te  bestemder tijd	tte bestemder tijd	ten bestemder tijd	te bestemder tijd	tij bestemder tijd	de bestemder tijd	tai bestemder tijd
te eigen bate	the eigen bate	te  eigen bate	tte eigen bate	te eigen batte	ten eigen bate	te enigen bate	te eigen baten	tij eigen bate	de eigen bate	tai eigen bate
te elfder ure	the elfder ure	te  elfder ure	tte elfder ure	ten elfder ure	te elfder uren	tij elfder ure	de elfder ure	tai elfder ure
te eniger tijd	the eniger tijd	te  eniger tijd	tte eniger tijd	ten eniger tijd	te eniger tijd	tij eniger tijd	de eniger tijd	tai eniger tijd
te gelde maken	te gelde make	the gelde maken	te  gelde maken	tte gelde maken	ten gelde maken	te gelden maken	tij gelde maken	de gelde maken	tai gelde maken
te gelegener tijd	the gelegener tijd	te  gelegener tijd	tte gelegener tijd	ten gelegener tijd	te gelegener tijd	tij gelegener tijd	de gelegener tijd	tai gelegener tijd
te harent	te  harent	ten harent	tij harent	de harent	te harend	tai harent
te hunnent	te  hunnent	ten hunnent	tij hunnent	de hunnent	tai hunnent
te midden	te  midden	ten midden	tij midden	de midden	tai midden
te midden van	the midden van	te  midden van	tte midden van	ten midden van	tij midden van	de midden van	tai midden van
te mijnent	te  mijnent	ten mijnent	te mijnent	tij mijnent	de mijnent	te mijnend	tai mijnent
te moede	te  moede	ten moede	tij moede	de moede	tai moede
te onzen voordele	te onze voordele	the onzen voordele	te  onzen voordele	tte onzen voordele	ten onzen voordele	te onzen voordelen	tij onzen voordele	de onzen voordele	tai onzen voordele
te onzent	te  onzent	ten onzent	tij onzent	de onzent	tai onzent
te pas en te onpas	te pas e te onpas	the pas en te onpas	te  pas en te onpas	tte pas en te onpas	te pass en te onpas	ten pas en te onpas	te pas enn te onpas	te pas en ten onpas	tij pas en te onpas	te pas ijn te onpas	te pas en tij onpas	de pas en te onpas	te pas en de onpas
te stade	te  stade	ten stade	te staden	tij stade	de stade	tai stade
te werk gaan	the werk gaan	te  werk gaan	tte werk gaan	ten werk gaan	tij werk gaan	de werk gaan	tai werk gaan
tempo doeloe	
ten aanschouwen van	te aanschouwen van	then aanschouwen van	te n aanschouwen van	tten aanschouwen van	tenn aanschouwen van	tijn aanschouwen van	den aanschouwen van	tain aanschouwen van	than aanschouwen van
ten algemenen nutte	te algemenen nutte	ten algemeen nutte	ten algemene nutte	then algemenen nutte	te n algemenen nutte	tten algemenen nutte	tenn algemenen nutte	ten algemenen nutten	tijn algemenen nutte	den algemenen nutte	tain algemenen nutte	than algemenen nutte
ten anderen male	te anderen male	ten andere male	then anderen male	te n anderen male	tten anderen male	tenn anderen male	ten anderen malen	ten anderen malle	tijn anderen male	den anderen male	tain anderen male	than anderen male
ten bate van	te bate van	then bate van	te n bate van	tten bate van	ten batte van	tenn bate van	ten baten van	tijn bate van	den bate van	tain bate van	than bate van
ten bedrage van	te bedrage van	then bedrage van	te n bedrage van	tten bedrage van	tenn bedrage van	ten bedragen van	tijn bedrage van	ten bijdrage van	den bedrage van	ten bedraag van	tain bedrage van	than bedrage van
ten behoeve van	te behoeve van	then behoeve van	te n behoeve van	tten behoeve van	tenn behoeve van	ten behoeven van	tijn behoeve van	den behoeve van	tain behoeve van	than behoeve van
ten belope van	te belope van	then belope van	te n belope van	tten belope van	tenn belope van	ten belopen van	tijn belope van	den belope van	tain belope van	than belope van
ten besluite	te besluite	te n besluite	ten besluiten	den besluite
ten bewijze	te bewijze	te n bewijze	ten bewijzen	ten bewijze	den bewijze
ten bewijze van	te bewijze van	then bewijze van	te n bewijze van	tten bewijze van	tenn bewijze van	ten bewijzen van	ten bewijze van	tijn bewijze van	den bewijze van	tain bewijze van	than bewijze van
ten burele	te burele	te n burele	ten burelen	den burele
ten dele	te dele	te n dele	ten delen	den dele
ten derden male	te derden male	ten derde male	then derden male	te n derden male	tten derden male	tenn derden male	ten derden malen	ten derden malle	ten  derden male	tijn derden male	den derden male	tain derden male	than derden male
ten dienste	te dienste	te n dienste	ten diensten	den dienste
ten enenmale	te enenmale	te n enenmale	den enenmale
ten faveure van	te faveure van	then faveure van	te n faveure van	tten faveure van	tenn faveure van	tijn faveure van	den faveure van	tain faveure van	than faveure van
ten gehore	te gehore	te n gehore	ten gehoren	den gehore
ten gemeentehuize	te gemeentehuize	te n gemeentehuize	ten gemeentehuizen	den gemeentehuize
ten geschenke	te geschenke	te n geschenke	ten geschenken	den geschenke
ten geschenke geven	te geschenke geven	ten geschenke geve	then geschenke geven	te n geschenke geven	tten geschenke geven	tenn geschenke geven	ten geschenken geven	tijn geschenke geven	den geschenke geven	tain geschenke geven	than geschenke geven
ten gevolge van	te gevolge van	then gevolge van	te n gevolge van	tten gevolge van	tenn gevolge van	ten gevolgen van	tijn gevolge van	den gevolge van	tain gevolge van	than gevolge van
ten grave dragen	te grave dragen	then grave dragen	te n grave dragen	tten grave dragen	tenn grave dragen	ten graven dragen	tijn grave dragen	den grave dragen	tain grave dragen	than grave dragen
ten huize van	te huize van	then huize van	te n huize van	tten huize van	tenn huize van	ten huizen van	tijn huize van	den huize van	tain huize van	than huize van
ten kantore	te kantore	te n kantore	ten kantoren	den kantore
ten laste gelegde	te laste gelegde	then laste gelegde	te n laste gelegde	tten laste gelegde	ten lastte gelegde	tenn laste gelegde	ten lasten gelegde	ten laste gelengde	ten laste gelegden	tijn laste gelegde	den laste gelegde	tain laste gelegde	than laste gelegde
ten laste leggen	te laste leggen	then laste leggen	te n laste leggen	tten laste leggen	ten lastte leggen	tenn laste leggen	ten lasten leggen	tijn laste leggen	den laste leggen	tain laste leggen	than laste leggen
ten onrechte	te onrechte	te n onrechte	den onrechte
ten overstaan van	te overstaan van	then overstaan van	te n overstaan van	tten overstaan van	tenn overstaan van	tijn overstaan van	den overstaan van	tain overstaan van	than overstaan van
ten overvloede	te overvloede	te n overvloede	ten overvloeden	den overvloede
ten paleize	te paleize	te n paleize	ten paleizen	den paleize
ten stadhuize	te stadhuize	te n stadhuize	ten stadhuizen	den stadhuize
ten tonele	te tonele	te n tonele	ten tonelen	den tonele
ten vervolge op	te vervolge op	then vervolge op	te n vervolge op	tten vervolge op	tenn vervolge op	ten vervolgen op	tijn vervolge op	den vervolge op	tain vervolge op	than vervolge op
ten vierden male	te vierden male	ten vierde male	then vierden male	te n vierden male	tten vierden male	tenn vierden male	ten vierden malen	ten vierden malle	tijn vierden male	den vierden male	tain vierden male	than vierden male
ten voordele van	te voordele van	then voordele van	te n voordele van	tten voordele van	tenn voordele van	ten voordelen van	tijn voordele van	den voordele van	tain voordele van	than voordele van
ter beurze	te r beurze	ter  beurze	ter beurzen	der beurze
ter eenre zijde	ther eenre zijde	te r eenre zijde	ter  eenre zijde	tter eenre zijde	tenr eenre zijde	ter eenre zijden	tërs eenre zijde	ter eenre zijde	tijr eenre zijde	der eenre zijde	tair eenre zijde
ter kerke	te r kerke	ter  kerke	ter kerken	der kerke
ter kerke gaan	ther kerke gaan	te r kerke gaan	ter  kerke gaan	tter kerke gaan	tenr kerke gaan	ter kerken gaan	tërs kerke gaan	tijr kerke gaan	der kerke gaan	tair kerke gaan
ter ore	te r ore	ter  ore	ter oren	der ore
ter perse	te r perse	ter  perse	ter persen	der perse
ter plaatse	te r plaatse	ter  plaatse	ter plaatsen	der plaatse
ter plekke	te r plekke	ter  plekke	ter plekken	der plekke
ter stede	te r stede	ter  stede	ter steden	der stede
ter wille	te r wille	ter  wille	ter willen	der wille
ter zake	te r zake	ter  zake	ter zaken	der zake
ter ziele	te r ziele	ter  ziele	ter zielen	der ziele
terra incognita	ter ra incognita
terra nigra	ter ra nigra
terra sigillata	ter ra sigillata
terug kunnen	te rug kunnen
terug moeten	te rug moeten
terug willen	terug wille	te rug willen
terug zijn	te rug zijn	terug zijn
terzelfder tijd	terzelfder tijd
terzijde staan	ter zijde staan	terzijde staan
thuis voelen	
toezicht houden	toezichthoudend
tongue in cheek	tontgue in cheek	thongue in cheek	tonguen in cheek	tongoee in cheek	tonguij in cheek	tonchue in cheek	dongue in cheek	tongije in cheek	tonguai in cheek	tonggeue in cheek	teaungue in cheek
top acht	dop acht
top drie	dop drie
top honderd	dop honderd
top secret	dop secret
top tien	dop tien	top dien	top tin
top twaalf	dop twaalf
top twintig	dop twintig
top veertig	dop veertig
top vier	dop vier
top vijf	top vijf	dop vijf
top vijftien	top vijftien	dop vijftien
top zes	dop zes
tot bloedens toe	thot bloedens toe	toth bloedens toe	tot bloedens toen	dot bloedens toe	tod bloedens toe	tot bloedens doe	tot bloedens tout	teaut bloedens toe
tot dusver	dot dusver	tod dusver
tot dusverre	dot dusverre	tod dusverre
tot stand komen	thot stand komen	toth stand komen	tot stand komijn	dot stand komen	tod stand komen	teaut stand komen
tot stikkens toe	thot stikkens toe	toth stikkens toe	tot stikkens toen	dot stikkens toe	tod stikkens toe	tot stikkens doe	tot stikkens tout	teaut stikkens toe
tot vervelens toe	thot vervelens toe	toth vervelens toe	tot vervelens toen	dot vervelens toe	tod vervelens toe	tot vervelens doe	tot vervelens tout	teaut vervelens toe
total loss	
tout court	tout koert
training on the job	
tussen zitten	
twee derde	twee derden	twee  derde
twee tiende	twee tienden	twee diende
twee vijfde	twee vijfden	twee  vijfde	twee vijfde
uit eten	uit enten	uit eden	uiteten	uitmeten
uit jagen	
uit kostenoogpunt	
uit kunnen	
uit milieuoogpunt	
uit willen	uit wille
uitstaans hebben met	uithstaans hebben met	uitsthaans hebben met	uitsta-ans hebben met	u-itstaans hebben met	uitsstaans hebben met	uitstaanss hebben met	uitstaans hebben ment	oeitstaans hebben met	uitstaans hebben mijt	uidstaans hebben met	uitsdaans hebben met	ijitstaans hebben met	uitschtaans hebben met	uitstaansch hebben met	eutstaans hebben met
upper class	
upper ten	upper te	upper den
ups en downs	ups e downs	upss en downs	oeps en downs	ijps en downs	upsch en downs
urbi et orbi	urbi ent orbi	oerbi et orbi	ijrbi et orbi
vals spelen	vals spellen	vals spijlen	vals spellingen
valsheid in geschrifte	valsheids in geschrifte	valshe-id in geschrifte	valssheid in geschrifte	valshenid in geschrifte	valsheid in geschriften	vallsheid in geschrifte	valsheidd in geschrifte	valshijid in geschrifte	valschheid in geschrifte	valshijd in geschrifte	valshaiid in geschrifte	valshijdt in geschrifte	valshied in geschrifte
van ambtswege	^van  ambtswege
van binnenuit	^van  binnenuit
van bondswege	^van  bondswege
van buiten uit	^van  buiten uit	van buiden uit
van dattum	^van  dattum
van dien	van die	^van  dien
van gemeentezijde	van gemeentezijden	^van  gemeentezijde	van gemeentezijde
van goeden huize	van goede huize	van goeden huizen	^van  goeden huize	van goten huize
van goeden wille	van goede wille	van goeden willen	^van  goeden wille	van goten wille
van heinde en verre	van heinde e verre	van he-inde en verre	van heninde en verre	van heinden en verre	van heindde en verre	^van  heinde en verre	van hijinde en verre	van heindij en verre	van hijnde en verre	van haiinde en verre	van heindai en verre	van heindede en verre	van hiende en verre
van iets af moeten	van ieths af moeten	van i-ets af moeten	van ietss af moeten	van ients af moeten	^van  iets af moeten	van iijts af moeten	van ieds af moeten	van ietsch af moeten	van yts af moeten	van y'ts af moeten	van iaits af moeten	van its af moeten
van jongs af	^van  jongs af
van koninklijken bloede	van koninklijke bloede	van koninklijken bloeden	van koninklijken bloedde	^van  koninklijken bloede	van koninklijken bloede	van koninklijken blote
van krommenaas gebaren	^van  krommenaas gebaren
van likmevestje	^van  likmevestje
van moslimzijde	van moslimzijden	^van  moslimzijde	van moslimzijde
van nature	van naturen	^van  nature
van onzentwege	^van  onzentwege
van oudsher	^van  oudsher
van overheidswege	^van  overheidswege
van overheidszijde	van overheidszijden	^van  overheidszijde	van overheidszijde
van stadswege	^van  stadswege
van stavast	^van  stavast
van tevoren	^van  tevoren
van zins zijn	^van  zins zijn	van zins zijn
ver verwijderd	ver verwijderd	vair verwijderd
via via	
vice versa	
video on demand	videno on demand	viddeo on demand	vidijo on demand	vidaio on demand	videdeo on demand	videeau on demand
vier tiende	vier tienden	vier diende
vier vijfde	vier vijfden	vier  vijfde	vier vijfde
viola da gamba	violla da gamba	vieaula da gamba
virtual reality	
vitamine B12	vitaminen B12
vlot trekken	
vol raken	vol rake	vol racen
vol zetten	vol zette
vol zitten	
volgens Bartjens	volgens Bartjes
voor de hand liggend	voir de hand liggend	vo-or de hand liggend	voor den hand liggend	voor dde hand liggend	voor dij hand liggend	voort de hand liggend	veaur de hand liggend	voor dai hand liggend	voor dede hand liggend	veauor de hand liggend	voeaur de hand liggend
voor pampus liggen	voir pampus liggen	vo-or pampus liggen	voort pampus liggen	veaur pampus liggen	veauor pampus liggen	voeaur pampus liggen
voor zover	voort zover	voor  zover
voors en tegens	voors e tegens	voirs en tegens	vo-ors en tegens	voorss en tegens	vooren en tegens	voors en degens	voorsch en tegens	voorts en tegens	veaurs en tegens	veauors en tegens	voeaurs en tegens
vrolijke frans	
vrouw des huizes	vro-uw des huizes	vrooew des huizes	vroijw des huizes	vreauuw des huizes
vuur spuwen	
white spirit	
wijd en zijd	wijd e zijd	wi-jd en zijd	wijdd en zijd	wijd en zijd	weid en zijd
wijd open	wijd open	weid open
wijn maken	wijn make	wijn maken
willens en wetens	willes en wetens	willens e wetens	willenss en wetens	willenns en wetens	willlens en wetens	willijns en wetens	willensch en wetens	willains en wetens	willlenns en wetens
winst nemen	winst neme
wishful thinking	
witte wieven	witten wieven
world wide web	worlld wide web	worldd wide web	weaurld wide web
zegge en schrijve	zegge en schrijven
zero tolerance	
ziek melden	ziek melde	ziek meldden	ziek mailden
ziekte van Ménière	zieccte Van ménière	ziequte Van ménière	ziexe Van ménière	zy'kte Van ménière	zykte Van ménière	ssiekte Van ménière	ziekde Van ménière	ziektij Van ménière	ziijkte Van ménière	ziekten Van ménière	zienkte Van ménière	ziektte Van ménière	zi-ekte Van ménière	ziekthe Van ménière
ziekte van Weil	ziekthe van Weil	zi-ekte van Weil	ziektte van Weil	zienkte van Weil	ziekten van Weil	ziijkte van Weil	ziektij van Weil	ziekde van Weil	ssiekte van Weil	zykte van Weil	zy'kte van Weil	ziexe van Weil	ziequte van Weil	zieccte van Weil
zij aan zij	zi-j aan zij	zij aan zij	ssij aan zij	zei aan zij	zij aan zei
zijn pappenheimers kennen	zijn pappenheimers kenen	zi-jn pappenheimers kennen	zijn pappenheimers kennen	ssijn pappenheimers kennen	zein pappenheimers kennen
zijns inziens	zijns inziens
zinnens zijn	zinnens zijn
zitting hebbend	
zo langzamerhand	langzamerhand
zo nodig	
zoet water	zoent water
zorg dragen	zorgdragend
zwart geld	
à charge	à chargen
à contrecoeur	contrecoeur
à gogo	
à la carte	
à la minute	à la minuten
à propos	
éminence grise	
